Vehicle_ID,Vehicle_Type,Fuel_Type,Registration_Type
TN09-9005-A00001,Car,Petrol,Private
KA05-4923-B00002,Taxi,Petrol,Commercial
MH14-2403-R00003,Bike,Petrol,Commercial
MH20-3103-R00004,Bike,Electric,Private
GJ01-4470-G00005,Bike,Petrol,Private
TN09-8177-Q00006,Auto,Petrol,Commercial
TN09-1344-H00007,Car,Diesel,Private
MH12-4750-C00008,Auto,Electric,Commercial
MH14-9423-H00009,Truck,Diesel,Commercial
MH20-8744-H00010,Bike,Petrol,Private
MH14-8062-M00011,Car,Petrol,Private
MH14-1993-N00012,Auto,CNG,Commercial
MH14-5073-G00013,Bus,Diesel,Commercial
GJ01-4006-J00014,Bike,Petrol,Commercial
MH14-1828-A00015,Car,Electric,Commercial
MH20-7658-R00016,Bus,Diesel,Commercial
MH12-3697-N00017,Truck,Diesel,Commercial
UP32-5673-P00018,Bike,Petrol,Private
UP32-3536-G00019,Auto,Petrol,Commercial
MH12-6138-B00020,Taxi,Petrol,Commercial
MH20-1931-C00021,Bike,Electric,Private
DL08-7615-D00022,Car,Electric,Private
MH12-2343-P00023,Bike,Petrol,Private
KA05-4346-L00024,Car,Petrol,Private
KA05-8491-L00025,Auto,Electric,Commercial
MH12-8508-D00026,Taxi,Petrol,Commercial
KA05-3170-M00027,Car,CNG,Commercial
MH20-8179-K00028,Bike,Petrol,Commercial
MH12-5905-D00029,Bike,Electric,Private
MH14-3546-J00030,Car,Petrol,Private
KA05-9280-R00031,Bike,Petrol,Commercial
GJ01-5533-B00032,Car,Petrol,Private
KA05-3647-Q00033,Bike,Petrol,Private
MH14-3442-B00034,Car,CNG,Private
MH20-1685-K00035,Car,Petrol,Commercial
MH12-6862-G00036,Taxi,Diesel,Commercial
TN09-7658-E00037,Auto,Electric,Commercial
MH20-3900-P00038,Car,Petrol,Private
GJ01-5065-J00039,Car,Petrol,Private
MH12-8711-H00040,Bike,Petrol,Commercial
DL08-4652-A00041,Bike,Petrol,Private
MH14-5573-M00042,Car,Diesel,Private
TN09-1452-D00043,Taxi,CNG,Commercial
KA05-1626-D00044,Car,Diesel,Private
GJ01-9379-D00045,Auto,Petrol,Commercial
KA05-1727-P00046,Bike,Petrol,Commercial
DL08-6967-P00047,Bike,Petrol,Private
TN09-3041-K00048,Car,Diesel,Private
KA05-3085-G00049,Car,Petrol,Commercial
MH20-5930-N00050,Auto,Diesel,Commercial
KA05-4443-P00051,Car,CNG,Private
UP32-8244-G00052,Car,Diesel,Private
MH20-2389-K00053,Taxi,Diesel,Commercial
TN09-2530-H00054,Bike,Petrol,Private
MH12-1757-H00055,Car,Electric,Private
UP32-7790-G00056,Auto,CNG,Commercial
GJ01-4997-E00057,Bike,Petrol,Private
MH14-7965-H00058,Auto,Petrol,Commercial
UP32-1822-H00059,Taxi,Electric,Commercial
MH20-8612-L00060,Car,Electric,Commercial
GJ01-9976-Q00061,Bike,Electric,Private
KA05-5050-J00062,Bike,Petrol,Private
KA05-8206-C00063,Bike,Petrol,Private
MH14-3267-E00064,Car,Petrol,Private
MH14-7797-P00065,Auto,Petrol,Commercial
MH12-4388-P00066,Bike,Petrol,Private
MH12-7232-R00067,Taxi,Petrol,Commercial
GJ01-7865-H00068,Bike,Petrol,Private
GJ01-6507-N00069,Bike,Petrol,Private
MH12-7455-A00070,Truck,Diesel,Commercial
UP32-3977-B00071,Bike,Petrol,Private
TN09-7211-J00072,Bike,Petrol,Private
MH14-8705-A00073,Car,CNG,Private
DL08-2124-B00074,Taxi,CNG,Commercial
DL08-1333-E00075,Taxi,Petrol,Commercial
MH14-4571-Q00076,Bike,Petrol,Private
MH14-3683-K00077,Car,Petrol,Private
GJ01-7498-G00078,Car,Petrol,Private
MH14-5941-D00079,Bike,Petrol,Private
GJ01-7071-C00080,Car,Diesel,Private
UP32-2729-P00081,Bus,CNG,Commercial
UP32-3506-P00082,Bike,Petrol,Private
UP32-8616-P00083,Bike,Petrol,Private
DL08-2419-J00084,Car,CNG,Private
GJ01-6511-A00085,Bike,Petrol,Private
TN09-5232-L00086,Bike,Petrol,Private
MH12-9464-G00087,Truck,Diesel,Commercial
UP32-4937-R00088,Auto,Diesel,Commercial
MH12-2524-K00089,Bike,Petrol,Private
TN09-8753-M00090,Car,Petrol,Private
UP32-5438-K00091,Car,Petrol,Private
MH14-9779-F00092,Car,Petrol,Private
KA05-2647-G00093,Car,Petrol,Private
MH20-5494-B00094,Car,Electric,Private
MH20-9042-D00095,Auto,CNG,Commercial
UP32-8843-Q00096,Bike,Petrol,Commercial
UP32-2869-C00097,Car,Petrol,Private
MH12-3485-E00098,Bike,Petrol,Commercial
DL08-2940-P00099,Car,Diesel,Private
GJ01-8381-Q00100,Car,Petrol,Private
MH12-2625-G00101,Bike,Petrol,Private
DL08-3847-C00102,Car,Petrol,Private
UP32-5771-B00103,Auto,Petrol,Commercial
UP32-2166-H00104,Auto,Electric,Commercial
DL08-7965-D00105,Auto,Diesel,Commercial
KA05-3330-C00106,Bike,Petrol,Private
KA05-8195-D00107,Bike,Petrol,Private
KA05-9199-R00108,Bike,Petrol,Private
TN09-5102-A00109,Truck,Diesel,Commercial
MH12-5415-B00110,Taxi,CNG,Commercial
UP32-5557-F00111,Car,Electric,Private
MH14-8700-M00112,Bus,Diesel,Commercial
MH14-3634-L00113,Car,Petrol,Private
GJ01-1601-Q00114,Auto,Petrol,Commercial
MH14-7622-A00115,Car,Diesel,Private
DL08-9494-M00116,Bike,Petrol,Private
MH12-4335-J00117,Bike,Petrol,Commercial
UP32-2989-A00118,Bike,Electric,Private
MH20-6091-A00119,Car,Diesel,Private
MH14-8560-D00120,Taxi,Diesel,Commercial
KA05-9337-J00121,Car,Petrol,Private
UP32-3369-N00122,Bike,Petrol,Private
MH20-2143-J00123,Auto,CNG,Commercial
TN09-9318-J00124,Truck,CNG,Commercial
KA05-9022-E00125,Car,Petrol,Private
GJ01-8460-L00126,Car,CNG,Commercial
GJ01-4826-P00127,Car,Petrol,Private
GJ01-7325-E00128,Auto,Diesel,Commercial
TN09-2644-Q00129,Car,Petrol,Commercial
MH20-7717-E00130,Car,Petrol,Private
GJ01-2315-L00131,Car,CNG,Commercial
TN09-8994-B00132,Bike,Petrol,Private
KA05-4727-C00133,Auto,Petrol,Commercial
MH14-8269-F00134,Car,Diesel,Commercial
MH12-5806-M00135,Car,Petrol,Private
MH20-3785-F00136,Bike,Petrol,Commercial
DL08-9153-E00137,Bike,Petrol,Private
MH12-8622-K00138,Bike,Petrol,Private
TN09-5901-P00139,Bike,Petrol,Private
GJ01-8916-D00140,Car,Petrol,Private
KA05-1359-N00141,Bike,Petrol,Private
MH12-9138-K00142,Auto,CNG,Commercial
TN09-4588-G00143,Car,Diesel,Private
MH20-2591-B00144,Auto,Petrol,Commercial
TN09-3153-C00145,Bike,Electric,Private
DL08-3165-M00146,Bike,Petrol,Commercial
KA05-8894-K00147,Bus,Diesel,Commercial
MH14-8673-C00148,Car,Petrol,Commercial
GJ01-6992-C00149,Truck,Diesel,Commercial
MH14-8451-M00150,Car,Diesel,Private
TN09-2775-H00151,Bike,Petrol,Private
TN09-4626-C00152,Taxi,Diesel,Commercial
KA05-7689-D00153,Bike,Petrol,Commercial
UP32-2902-D00154,Car,Petrol,Private
TN09-9850-P00155,Bike,Petrol,Private
MH14-9017-P00156,Truck,CNG,Commercial
TN09-4559-Q00157,Car,Petrol,Private
TN09-9920-M00158,Bike,Petrol,Private
UP32-2501-G00159,Taxi,Diesel,Commercial
MH12-1828-L00160,Bike,Petrol,Private
MH14-4394-G00161,Bike,Petrol,Private
MH12-5542-E00162,Auto,Electric,Commercial
MH20-2801-A00163,Bike,Petrol,Private
TN09-1258-F00164,Auto,Petrol,Commercial
GJ01-9619-D00165,Car,CNG,Private
MH14-8405-H00166,Auto,Electric,Commercial
KA05-8504-A00167,Car,Petrol,Private
MH14-9032-Q00168,Bike,Petrol,Private
MH14-3067-J00169,Bike,Petrol,Private
GJ01-9692-K00170,Auto,Diesel,Commercial
MH14-2874-G00171,Bike,Petrol,Commercial
UP32-7532-P00172,Bike,Petrol,Private
KA05-7132-E00173,Car,Diesel,Private
MH14-2527-P00174,Car,Petrol,Private
MH12-6400-D00175,Bus,Diesel,Commercial
GJ01-1842-K00176,Truck,Diesel,Commercial
DL08-3535-R00177,Bike,Petrol,Private
TN09-2882-J00178,Bus,Diesel,Commercial
MH12-5381-A00179,Bus,Diesel,Commercial
KA05-6567-M00180,Auto,Petrol,Commercial
GJ01-2140-E00181,Truck,Diesel,Commercial
MH14-9691-G00182,Taxi,Petrol,Commercial
MH20-7062-K00183,Bike,Petrol,Private
MH14-1861-E00184,Bike,Petrol,Private
KA05-8259-P00185,Auto,Diesel,Commercial
KA05-4531-D00186,Bike,Petrol,Private
UP32-9633-K00187,Auto,Petrol,Commercial
MH12-1125-G00188,Bike,Petrol,Private
KA05-5742-L00189,Car,Petrol,Private
MH20-7229-H00190,Bike,Petrol,Private
MH14-7505-B00191,Bus,Diesel,Commercial
MH14-6129-P00192,Bike,Petrol,Private
MH14-7636-A00193,Bike,Electric,Private
UP32-6928-C00194,Taxi,Petrol,Commercial
GJ01-7560-C00195,Car,Petrol,Private
TN09-3754-C00196,Car,Diesel,Private
TN09-6752-E00197,Bike,Petrol,Private
MH20-2234-F00198,Car,Electric,Private
UP32-6295-L00199,Bike,Petrol,Private
KA05-5500-B00200,Bike,Petrol,Private
MH12-1932-M00201,Bike,Petrol,Private
MH14-9307-N00202,Truck,Diesel,Commercial
MH12-8368-G00203,Bike,Petrol,Private
MH12-8381-D00204,Car,CNG,Private
MH14-9266-F00205,Taxi,Petrol,Commercial
UP32-9586-F00206,Auto,Petrol,Commercial
GJ01-7697-L00207,Truck,Diesel,Commercial
TN09-2079-L00208,Car,Petrol,Private
MH20-6461-C00209,Car,Diesel,Private
GJ01-3112-C00210,Bike,Petrol,Private
MH20-9624-C00211,Auto,Diesel,Commercial
TN09-1298-M00212,Bike,Petrol,Commercial
UP32-4145-H00213,Bike,Electric,Private
MH14-9317-B00214,Car,Diesel,Commercial
GJ01-3527-F00215,Bike,Petrol,Private
MH20-8170-B00216,Bike,Petrol,Private
UP32-5668-Q00217,Car,Petrol,Private
UP32-4178-M00218,Taxi,Diesel,Commercial
UP32-8564-K00219,Bike,Petrol,Private
MH20-4271-E00220,Bike,Electric,Private
TN09-2680-D00221,Bike,Petrol,Private
MH20-8167-C00222,Car,Electric,Private
TN09-1436-P00223,Bike,Petrol,Private
MH14-7142-H00224,Car,Petrol,Commercial
TN09-3392-E00225,Bus,Diesel,Commercial
UP32-3273-R00226,Truck,Diesel,Commercial
MH14-1311-J00227,Car,Petrol,Private
GJ01-2821-K00228,Taxi,Petrol,Commercial
DL08-7878-Q00229,Car,Petrol,Private
MH12-9443-H00230,Bike,Petrol,Private
TN09-4941-P00231,Car,Petrol,Private
TN09-2108-A00232,Bike,Petrol,Private
TN09-5155-A00233,Bike,Petrol,Private
MH14-6447-E00234,Car,Petrol,Private
MH20-8612-R00235,Bus,Diesel,Commercial
MH14-8498-B00236,Bus,Diesel,Commercial
DL08-1686-L00237,Car,Electric,Private
UP32-5150-B00238,Taxi,CNG,Commercial
TN09-1783-L00239,Car,Petrol,Private
GJ01-8204-N00240,Bike,Petrol,Private
TN09-9507-J00241,Auto,CNG,Commercial
MH14-8055-F00242,Auto,Diesel,Commercial
MH14-6372-K00243,Car,Petrol,Private
UP32-6759-Q00244,Bike,Petrol,Commercial
GJ01-5498-B00245,Bike,Petrol,Private
MH20-1510-E00246,Bike,Petrol,Private
MH20-2101-H00247,Bike,Petrol,Private
MH12-3513-Q00248,Bike,Electric,Private
MH20-9674-M00249,Auto,Petrol,Commercial
DL08-2858-A00250,Bike,Petrol,Private
MH14-5288-J00251,Bike,Petrol,Private
UP32-4279-D00252,Bike,Petrol,Private
UP32-2438-L00253,Car,Diesel,Private
KA05-5914-F00254,Bike,Petrol,Commercial
TN09-9335-H00255,Bike,Petrol,Private
UP32-1430-M00256,Car,Diesel,Private
MH20-2412-C00257,Bus,Diesel,Commercial
UP32-9612-P00258,Taxi,CNG,Commercial
MH14-3053-L00259,Bus,Diesel,Commercial
TN09-3102-F00260,Bike,Petrol,Private
MH12-3034-E00261,Bike,Petrol,Private
DL08-6669-K00262,Taxi,CNG,Commercial
KA05-3050-K00263,Car,Diesel,Private
MH20-3804-L00264,Bike,Petrol,Private
MH12-2330-B00265,Bus,CNG,Commercial
KA05-4453-P00266,Auto,Diesel,Commercial
KA05-5949-R00267,Car,Petrol,Private
UP32-2195-B00268,Bike,Petrol,Private
TN09-3353-L00269,Bike,Electric,Private
TN09-7532-E00270,Taxi,CNG,Commercial
MH14-6228-H00271,Bike,Petrol,Private
MH14-1829-K00272,Car,Electric,Commercial
MH20-6364-L00273,Bike,Petrol,Private
UP32-9171-K00274,Taxi,Diesel,Commercial
GJ01-9281-Q00275,Car,Electric,Private
MH12-5609-R00276,Bike,Petrol,Private
KA05-9793-A00277,Auto,CNG,Commercial
KA05-6992-N00278,Bike,Petrol,Private
DL08-6939-K00279,Bike,Petrol,Private
KA05-2946-E00280,Auto,Electric,Commercial
TN09-6990-E00281,Bike,Petrol,Private
MH12-1637-E00282,Bike,Petrol,Private
MH20-9446-E00283,Bike,Petrol,Private
KA05-6511-R00284,Car,CNG,Private
TN09-6427-D00285,Bus,CNG,Commercial
MH12-8775-J00286,Bike,Electric,Private
DL08-1841-R00287,Auto,Petrol,Commercial
GJ01-3421-H00288,Bike,Petrol,Commercial
MH12-8225-L00289,Car,Petrol,Private
UP32-2020-E00290,Car,Diesel,Private
UP32-9609-N00291,Taxi,Petrol,Commercial
TN09-9950-M00292,Car,Diesel,Commercial
KA05-8932-G00293,Auto,Electric,Commercial
KA05-4684-K00294,Car,CNG,Private
UP32-6194-R00295,Auto,Petrol,Commercial
KA05-5715-D00296,Taxi,Diesel,Commercial
GJ01-6654-E00297,Bike,Petrol,Private
TN09-8247-J00298,Auto,CNG,Commercial
KA05-5450-E00299,Car,Petrol,Private
MH12-9700-H00300,Car,Diesel,Private
UP32-2647-E00301,Bike,Petrol,Private
GJ01-8793-R00302,Taxi,Diesel,Commercial
KA05-6262-K00303,Auto,Diesel,Commercial
MH14-4804-B00304,Truck,CNG,Commercial
MH20-1595-N00305,Car,CNG,Private
KA05-1613-A00306,Auto,Petrol,Commercial
TN09-5662-Q00307,Bike,Electric,Private
MH20-9261-Q00308,Bike,Petrol,Private
UP32-5215-F00309,Car,Petrol,Private
DL08-3875-N00310,Car,CNG,Private
MH14-4027-E00311,Car,Diesel,Commercial
GJ01-4858-Q00312,Car,CNG,Commercial
MH12-5285-M00313,Car,Diesel,Private
KA05-3616-N00314,Car,Diesel,Commercial
KA05-2923-K00315,Truck,Diesel,Commercial
MH20-8834-E00316,Car,Diesel,Commercial
UP32-9806-G00317,Bike,Petrol,Private
MH14-9609-Q00318,Bike,Petrol,Private
MH14-2011-G00319,Truck,Diesel,Commercial
TN09-9525-Q00320,Car,Petrol,Private
MH14-9361-Q00321,Bike,Petrol,Private
UP32-1945-Q00322,Bike,Petrol,Private
KA05-1049-G00323,Car,Diesel,Private
MH14-9866-B00324,Bike,Electric,Private
MH12-5703-P00325,Taxi,Petrol,Commercial
GJ01-7135-N00326,Car,Petrol,Commercial
MH14-9835-E00327,Bike,Petrol,Private
GJ01-9664-E00328,Car,CNG,Private
MH12-5888-Q00329,Car,Diesel,Private
DL08-5055-Q00330,Bike,Petrol,Private
MH14-1527-P00331,Taxi,Diesel,Commercial
MH12-4943-G00332,Taxi,Petrol,Commercial
UP32-1797-H00333,Bike,Petrol,Private
DL08-1924-E00334,Car,Diesel,Private
TN09-6253-H00335,Bus,Diesel,Commercial
DL08-7775-K00336,Car,Petrol,Private
MH20-7999-R00337,Bike,Petrol,Private
GJ01-9592-L00338,Bike,Petrol,Private
MH20-9813-R00339,Car,Petrol,Private
MH20-8586-B00340,Truck,Diesel,Commercial
MH20-7363-H00341,Taxi,Petrol,Commercial
MH14-8369-M00342,Car,Petrol,Private
KA05-7179-B00343,Car,CNG,Private
DL08-8854-G00344,Auto,CNG,Commercial
MH12-4470-G00345,Car,Electric,Private
UP32-4974-G00346,Taxi,Petrol,Commercial
TN09-5637-N00347,Car,Diesel,Private
TN09-9401-R00348,Car,Diesel,Private
TN09-4328-M00349,Auto,Petrol,Commercial
DL08-3390-A00350,Car,Petrol,Commercial
GJ01-5836-E00351,Bike,Petrol,Private
DL08-9180-L00352,Bike,Petrol,Private
UP32-8550-F00353,Taxi,CNG,Commercial
MH20-9954-R00354,Bike,Petrol,Commercial
MH12-9584-B00355,Taxi,CNG,Commercial
MH12-1104-P00356,Car,Petrol,Private
MH20-1149-G00357,Car,Diesel,Private
UP32-8993-A00358,Bike,Petrol,Private
KA05-9777-K00359,Car,Petrol,Private
MH20-2753-D00360,Auto,Diesel,Commercial
KA05-6807-J00361,Car,CNG,Private
UP32-4984-H00362,Taxi,Petrol,Commercial
MH14-1519-C00363,Bus,Diesel,Commercial
UP32-1919-A00364,Bike,Petrol,Private
TN09-2562-B00365,Bus,Diesel,Commercial
UP32-5441-B00366,Truck,CNG,Commercial
KA05-9897-B00367,Auto,Petrol,Commercial
MH12-4394-E00368,Truck,Diesel,Commercial
GJ01-2260-K00369,Auto,Petrol,Commercial
GJ01-9856-L00370,Car,Petrol,Private
MH14-9204-M00371,Auto,Petrol,Commercial
MH14-6580-N00372,Bike,Electric,Private
UP32-9038-H00373,Bike,Petrol,Commercial
GJ01-2404-K00374,Bike,Petrol,Private
MH20-7225-E00375,Car,CNG,Private
MH12-6050-Q00376,Car,Petrol,Private
MH20-8061-Q00377,Car,Diesel,Private
MH14-6798-C00378,Car,Diesel,Private
MH12-5781-P00379,Truck,Diesel,Commercial
DL08-9537-F00380,Car,Diesel,Private
KA05-9079-E00381,Car,Petrol,Private
UP32-2260-M00382,Bike,Petrol,Private
DL08-8501-D00383,Bike,Petrol,Private
GJ01-6399-Q00384,Bike,Petrol,Private
MH20-5922-L00385,Truck,Diesel,Commercial
UP32-6147-F00386,Auto,Electric,Commercial
KA05-9044-H00387,Taxi,Petrol,Commercial
GJ01-6980-D00388,Car,Electric,Private
MH20-1440-Q00389,Taxi,Electric,Commercial
KA05-2133-P00390,Car,Diesel,Private
KA05-3525-P00391,Car,CNG,Private
UP32-7566-P00392,Taxi,Diesel,Commercial
TN09-9796-C00393,Auto,Petrol,Commercial
TN09-3725-B00394,Car,Diesel,Private
TN09-8052-D00395,Bike,Petrol,Private
DL08-8303-M00396,Bike,Petrol,Private
MH20-6651-A00397,Bike,Petrol,Private
MH14-2901-E00398,Taxi,Petrol,Commercial
DL08-9537-R00399,Bike,Petrol,Private
UP32-6225-C00400,Auto,Petrol,Commercial
MH14-1370-L00401,Bus,Diesel,Commercial
MH20-4996-F00402,Auto,Diesel,Commercial
GJ01-8570-H00403,Car,CNG,Private
GJ01-7481-A00404,Car,CNG,Commercial
GJ01-7370-A00405,Bike,Petrol,Private
MH14-2667-F00406,Auto,Petrol,Commercial
MH14-5298-R00407,Car,Diesel,Private
GJ01-2871-M00408,Bike,Petrol,Private
KA05-2388-E00409,Car,Petrol,Private
TN09-3316-N00410,Car,Petrol,Private
MH20-8973-F00411,Bike,Petrol,Private
TN09-8389-B00412,Car,CNG,Commercial
DL08-7290-R00413,Bike,Petrol,Private
UP32-9006-F00414,Auto,Petrol,Commercial
DL08-5785-B00415,Car,Petrol,Private
UP32-9115-D00416,Car,Diesel,Private
TN09-9880-B00417,Bike,Petrol,Private
GJ01-2677-H00418,Car,Petrol,Commercial
TN09-2425-Q00419,Bike,Electric,Private
DL08-6744-P00420,Bus,Diesel,Commercial
DL08-4390-B00421,Car,Diesel,Private
MH20-6302-K00422,Bike,Petrol,Private
MH14-3221-P00423,Truck,CNG,Commercial
MH20-3174-H00424,Taxi,Petrol,Commercial
DL08-7434-R00425,Car,Petrol,Private
GJ01-8405-C00426,Bike,Petrol,Commercial
KA05-7046-Q00427,Car,Electric,Private
MH14-8511-M00428,Car,CNG,Private
GJ01-4470-R00429,Bike,Petrol,Private
MH20-8951-L00430,Car,CNG,Private
UP32-1266-D00431,Car,Electric,Private
GJ01-4314-E00432,Bike,Electric,Private
KA05-2529-M00433,Truck,Diesel,Commercial
MH20-1848-N00434,Bike,Petrol,Private
GJ01-2494-D00435,Auto,Petrol,Commercial
MH20-4705-Q00436,Bike,Petrol,Private
GJ01-3165-R00437,Bus,Diesel,Commercial
MH14-2690-L00438,Bike,Petrol,Private
MH20-3340-C00439,Bike,Petrol,Private
UP32-6753-G00440,Bike,Petrol,Private
UP32-4559-C00441,Bike,Electric,Private
GJ01-6759-P00442,Car,Petrol,Private
MH14-5065-K00443,Car,CNG,Private
KA05-4366-G00444,Bus,Diesel,Commercial
MH12-4921-R00445,Car,Petrol,Private
MH14-9655-A00446,Bike,Electric,Commercial
GJ01-6986-F00447,Car,CNG,Commercial
MH12-2106-A00448,Auto,Petrol,Commercial
MH12-7520-K00449,Car,Diesel,Private
GJ01-2350-E00450,Bike,Petrol,Private
DL08-3545-L00451,Bike,Petrol,Private
MH14-6081-P00452,Bus,Diesel,Commercial
MH12-5005-C00453,Bus,CNG,Commercial
MH12-6067-F00454,Car,Petrol,Private
MH20-9133-M00455,Auto,Diesel,Commercial
KA05-3735-M00456,Auto,Petrol,Commercial
KA05-2934-A00457,Auto,Petrol,Commercial
MH14-5308-C00458,Bike,Petrol,Private
MH20-7024-F00459,Car,Petrol,Private
MH14-4742-A00460,Bike,Petrol,Commercial
UP32-6963-N00461,Car,Electric,Private
MH12-7870-H00462,Taxi,Petrol,Commercial
TN09-5444-C00463,Bike,Petrol,Private
MH12-3938-H00464,Auto,CNG,Commercial
GJ01-2129-Q00465,Taxi,CNG,Commercial
KA05-6362-C00466,Auto,Diesel,Commercial
DL08-5777-K00467,Car,CNG,Private
UP32-4201-H00468,Bike,Petrol,Commercial
TN09-1157-L00469,Car,Petrol,Private
KA05-2703-G00470,Bus,Diesel,Commercial
UP32-1981-E00471,Car,CNG,Private
GJ01-7102-Q00472,Taxi,Electric,Commercial
MH14-9280-E00473,Car,Diesel,Private
MH12-8126-E00474,Bike,Petrol,Private
GJ01-6345-L00475,Car,Diesel,Private
MH20-2785-E00476,Taxi,Petrol,Commercial
TN09-7660-D00477,Bike,Petrol,Commercial
KA05-8591-J00478,Car,CNG,Private
KA05-1660-G00479,Bus,CNG,Commercial
MH14-5066-M00480,Car,Petrol,Private
MH20-1509-N00481,Car,CNG,Private
MH14-8570-D00482,Bike,Petrol,Private
DL08-3141-G00483,Car,CNG,Private
MH14-5240-C00484,Bike,Petrol,Private
UP32-3110-C00485,Truck,CNG,Commercial
TN09-3007-B00486,Bus,CNG,Commercial
GJ01-7471-R00487,Car,Petrol,Private
DL08-4066-J00488,Car,Petrol,Commercial
DL08-5835-R00489,Car,Petrol,Private
KA05-7275-E00490,Car,Petrol,Private
DL08-9907-A00491,Auto,Electric,Commercial
TN09-8859-R00492,Auto,Petrol,Commercial
TN09-7363-J00493,Bike,Petrol,Private
KA05-1959-R00494,Car,Diesel,Private
MH20-2640-H00495,Taxi,Diesel,Commercial
MH12-4594-N00496,Car,Petrol,Private
MH20-4875-L00497,Bus,CNG,Commercial
MH12-6761-E00498,Auto,Diesel,Commercial
UP32-9882-K00499,Car,Petrol,Private
DL08-1326-R00500,Car,Petrol,Commercial
MH20-6582-F00501,Car,Electric,Private
MH12-3420-E00502,Car,CNG,Private
MH14-7120-N00503,Truck,Diesel,Commercial
TN09-3235-F00504,Car,CNG,Private
UP32-6198-F00505,Bike,Petrol,Private
TN09-4657-F00506,Truck,Diesel,Commercial
KA05-3086-F00507,Auto,CNG,Commercial
GJ01-1530-F00508,Taxi,Diesel,Commercial
DL08-2705-R00509,Taxi,Petrol,Commercial
DL08-6682-L00510,Auto,Petrol,Commercial
MH14-6500-Q00511,Truck,Diesel,Commercial
MH14-6742-J00512,Car,CNG,Private
UP32-7875-F00513,Car,CNG,Private
GJ01-2661-R00514,Bike,Petrol,Private
DL08-3664-Q00515,Auto,Petrol,Commercial
KA05-1328-L00516,Bus,Diesel,Commercial
TN09-3787-N00517,Car,Petrol,Private
MH14-6536-R00518,Taxi,CNG,Commercial
MH20-8113-F00519,Bike,Petrol,Private
GJ01-9849-J00520,Taxi,Diesel,Commercial
MH14-1813-N00521,Car,Diesel,Private
TN09-1062-P00522,Car,Petrol,Private
UP32-4271-D00523,Bike,Petrol,Private
MH14-8758-D00524,Car,Petrol,Private
KA05-2493-N00525,Bike,Petrol,Commercial
UP32-1731-J00526,Bike,Petrol,Private
MH12-3476-D00527,Bus,Diesel,Commercial
GJ01-4727-B00528,Bike,Petrol,Private
UP32-4860-R00529,Bike,Petrol,Private
MH12-9226-E00530,Truck,Diesel,Commercial
MH20-3738-G00531,Auto,CNG,Commercial
GJ01-2283-P00532,Car,Petrol,Private
KA05-6238-C00533,Car,Petrol,Private
KA05-9514-Q00534,Bike,Electric,Private
GJ01-2843-P00535,Auto,Petrol,Commercial
MH14-2730-D00536,Bike,Petrol,Commercial
GJ01-5327-N00537,Truck,Diesel,Commercial
UP32-1613-F00538,Bike,Petrol,Private
GJ01-1635-N00539,Bike,Electric,Private
UP32-5400-M00540,Car,Petrol,Private
KA05-9054-D00541,Car,Electric,Private
UP32-6257-J00542,Car,CNG,Private
UP32-4463-P00543,Car,CNG,Private
MH12-9442-F00544,Truck,Diesel,Commercial
GJ01-3222-A00545,Auto,Petrol,Commercial
DL08-1944-H00546,Truck,Diesel,Commercial
TN09-4262-J00547,Car,Petrol,Private
MH14-1500-H00548,Bike,Petrol,Private
UP32-6730-M00549,Car,Petrol,Commercial
MH14-5670-A00550,Auto,Petrol,Commercial
DL08-4626-H00551,Car,Diesel,Private
MH12-1145-R00552,Bike,Electric,Private
MH12-4666-J00553,Bike,Petrol,Commercial
KA05-7943-N00554,Auto,CNG,Commercial
DL08-8646-K00555,Bike,Petrol,Private
MH14-1120-M00556,Bike,Petrol,Private
MH14-8892-C00557,Car,Petrol,Private
KA05-5278-K00558,Car,Petrol,Private
MH12-7620-L00559,Car,Diesel,Private
KA05-5250-P00560,Bike,Petrol,Private
DL08-6622-H00561,Bike,Petrol,Private
TN09-9311-K00562,Bike,Petrol,Private
MH20-5813-D00563,Truck,Diesel,Commercial
MH20-6499-C00564,Auto,Petrol,Commercial
KA05-7889-L00565,Car,Petrol,Private
MH14-8709-B00566,Bike,Electric,Private
MH14-8736-G00567,Taxi,Diesel,Commercial
GJ01-9680-K00568,Truck,Diesel,Commercial
MH20-3250-G00569,Truck,Diesel,Commercial
UP32-3346-L00570,Taxi,CNG,Commercial
MH14-8988-L00571,Car,Diesel,Private
MH12-8406-J00572,Bike,Petrol,Private
MH20-9021-C00573,Bike,Petrol,Private
GJ01-8821-N00574,Bike,Petrol,Private
MH12-6279-G00575,Auto,Petrol,Commercial
DL08-4707-M00576,Car,Petrol,Private
KA05-3736-C00577,Bike,Petrol,Private
TN09-8105-E00578,Car,Petrol,Commercial
DL08-3701-N00579,Bike,Petrol,Private
DL08-1359-F00580,Taxi,Petrol,Commercial
MH12-7147-J00581,Auto,CNG,Commercial
MH12-2771-A00582,Bike,Petrol,Private
MH14-9966-J00583,Bike,Petrol,Private
MH12-5933-P00584,Auto,Diesel,Commercial
KA05-3247-P00585,Auto,CNG,Commercial
MH14-5631-D00586,Car,CNG,Private
KA05-9571-G00587,Bike,Petrol,Private
UP32-4402-R00588,Car,Petrol,Private
MH14-9095-E00589,Auto,Electric,Commercial
MH14-2659-J00590,Auto,Diesel,Commercial
KA05-5327-Q00591,Bike,Petrol,Private
KA05-6901-L00592,Truck,Diesel,Commercial
MH12-1158-E00593,Car,Diesel,Private
UP32-5395-C00594,Bike,Petrol,Private
GJ01-8479-J00595,Car,CNG,Private
GJ01-3732-D00596,Bike,Petrol,Private
MH20-2699-P00597,Taxi,Electric,Commercial
UP32-3969-N00598,Bike,Petrol,Private
MH20-8914-R00599,Truck,Diesel,Commercial
MH12-2037-J00600,Bike,Petrol,Private
DL08-6542-D00601,Truck,Diesel,Commercial
UP32-6664-N00602,Auto,Petrol,Commercial
MH12-1190-F00603,Bus,Diesel,Commercial
UP32-3709-C00604,Bike,Petrol,Private
KA05-1824-H00605,Car,Diesel,Private
MH14-8521-Q00606,Bus,CNG,Commercial
UP32-8324-L00607,Bike,Petrol,Private
MH14-7609-P00608,Bike,Petrol,Private
KA05-9328-G00609,Bus,Diesel,Commercial
TN09-6953-B00610,Bike,Petrol,Private
UP32-6952-Q00611,Car,Petrol,Private
TN09-6818-K00612,Car,Diesel,Private
MH20-9067-E00613,Car,CNG,Private
KA05-4209-G00614,Bike,Petrol,Commercial
DL08-6536-D00615,Car,CNG,Private
MH14-8381-Q00616,Bike,Petrol,Commercial
UP32-1071-B00617,Car,Diesel,Private
MH20-3845-E00618,Bike,Petrol,Private
TN09-9259-N00619,Bike,Petrol,Private
DL08-5482-N00620,Auto,Electric,Commercial
UP32-3185-E00621,Taxi,Petrol,Commercial
KA05-9975-L00622,Auto,CNG,Commercial
DL08-4291-G00623,Taxi,Diesel,Commercial
TN09-3173-F00624,Car,Diesel,Private
MH14-6771-R00625,Car,Diesel,Commercial
KA05-7920-A00626,Auto,Diesel,Commercial
MH20-1869-B00627,Car,Petrol,Private
KA05-5105-E00628,Car,CNG,Private
MH12-6876-Q00629,Car,Petrol,Commercial
DL08-7371-H00630,Auto,Diesel,Commercial
KA05-1769-N00631,Auto,Petrol,Commercial
TN09-1881-A00632,Taxi,CNG,Commercial
UP32-4695-M00633,Car,CNG,Private
DL08-5819-Q00634,Bike,Petrol,Private
MH20-9418-D00635,Car,Petrol,Private
MH20-3636-J00636,Bike,Petrol,Private
MH12-3518-L00637,Taxi,Diesel,Commercial
KA05-9037-M00638,Auto,Petrol,Commercial
DL08-4012-C00639,Auto,CNG,Commercial
GJ01-2506-M00640,Car,Petrol,Private
TN09-5809-G00641,Car,Electric,Private
MH12-2879-M00642,Bike,Petrol,Commercial
DL08-1653-L00643,Bike,Petrol,Private
KA05-9851-K00644,Car,Petrol,Private
UP32-8975-B00645,Auto,Petrol,Commercial
TN09-9419-C00646,Bike,Electric,Private
MH12-2072-G00647,Taxi,Diesel,Commercial
GJ01-2702-G00648,Auto,Diesel,Commercial
GJ01-2181-E00649,Auto,Petrol,Commercial
MH12-2433-C00650,Auto,Petrol,Commercial
MH14-4729-J00651,Auto,Petrol,Commercial
GJ01-8094-L00652,Bike,Petrol,Private
MH14-1745-C00653,Bike,Petrol,Private
KA05-2417-K00654,Car,CNG,Private
MH12-8765-F00655,Bike,Petrol,Private
KA05-3360-K00656,Bike,Petrol,Commercial
TN09-1182-E00657,Auto,Petrol,Commercial
GJ01-9800-C00658,Car,Petrol,Private
TN09-4469-P00659,Truck,CNG,Commercial
MH20-3637-F00660,Truck,Diesel,Commercial
DL08-2877-F00661,Bus,Diesel,Commercial
MH12-9992-Q00662,Bike,Petrol,Private
KA05-2608-G00663,Auto,CNG,Commercial
TN09-6851-E00664,Bike,Petrol,Private
MH14-4170-L00665,Car,Diesel,Private
MH20-6971-L00666,Bike,Electric,Private
DL08-8145-J00667,Car,CNG,Private
UP32-8583-Q00668,Auto,Petrol,Commercial
MH14-3879-C00669,Car,CNG,Commercial
DL08-5312-C00670,Car,CNG,Commercial
MH12-7637-G00671,Bus,CNG,Commercial
UP32-3435-M00672,Bike,Petrol,Commercial
KA05-3193-Q00673,Bike,Petrol,Private
MH12-4913-F00674,Bike,Petrol,Private
MH20-8921-M00675,Car,Petrol,Private
KA05-7052-H00676,Car,Petrol,Private
TN09-7358-R00677,Truck,CNG,Commercial
MH12-6309-D00678,Truck,Diesel,Commercial
KA05-5314-F00679,Bike,Petrol,Private
MH14-9465-J00680,Bike,Petrol,Commercial
TN09-6653-R00681,Bike,Petrol,Commercial
MH20-8207-F00682,Car,Petrol,Private
MH20-4062-F00683,Car,Petrol,Private
DL08-7793-L00684,Car,CNG,Private
DL08-3641-P00685,Bike,Petrol,Private
MH20-3207-B00686,Bike,Electric,Private
MH20-9464-N00687,Car,Diesel,Private
KA05-2404-G00688,Car,Petrol,Commercial
MH20-4594-P00689,Truck,Diesel,Commercial
MH20-9369-J00690,Auto,Petrol,Commercial
UP32-2127-H00691,Auto,Petrol,Commercial
MH12-4315-P00692,Car,CNG,Private
MH12-9706-D00693,Car,Petrol,Private
MH12-8069-P00694,Truck,Diesel,Commercial
GJ01-4759-R00695,Car,CNG,Private
MH14-7971-E00696,Bike,Petrol,Private
MH14-5641-P00697,Truck,Diesel,Commercial
MH12-9561-D00698,Car,Diesel,Private
TN09-7698-M00699,Car,Petrol,Private
KA05-9783-P00700,Bike,Petrol,Private
GJ01-4337-P00701,Taxi,Diesel,Commercial
MH20-7065-R00702,Bike,Petrol,Private
GJ01-3262-D00703,Bike,Petrol,Private
MH20-2642-G00704,Auto,Diesel,Commercial
MH12-3633-N00705,Auto,Electric,Commercial
MH14-3381-R00706,Car,Electric,Private
DL08-7075-C00707,Car,Diesel,Private
GJ01-9536-K00708,Taxi,CNG,Commercial
MH20-9099-Q00709,Bike,Petrol,Commercial
KA05-4190-B00710,Taxi,CNG,Commercial
DL08-3776-B00711,Bike,Petrol,Private
MH14-5520-N00712,Taxi,Petrol,Commercial
DL08-9482-A00713,Bike,Petrol,Private
KA05-6703-M00714,Car,Electric,Private
DL08-8450-N00715,Bike,Petrol,Private
MH14-2185-K00716,Bike,Petrol,Private
KA05-9813-J00717,Bike,Petrol,Commercial
DL08-6565-Q00718,Bike,Petrol,Commercial
UP32-2904-J00719,Truck,Diesel,Commercial
DL08-4767-L00720,Bike,Petrol,Private
KA05-5067-K00721,Bike,Petrol,Private
MH14-3924-R00722,Bus,Diesel,Commercial
KA05-3994-G00723,Car,Diesel,Private
KA05-4387-H00724,Auto,Petrol,Commercial
TN09-3555-D00725,Car,Petrol,Private
UP32-1108-B00726,Taxi,CNG,Commercial
TN09-9066-J00727,Bike,Petrol,Commercial
KA05-7518-H00728,Truck,Diesel,Commercial
GJ01-8836-B00729,Car,Diesel,Private
MH20-8490-D00730,Auto,Diesel,Commercial
MH12-1193-G00731,Bike,Petrol,Private
KA05-4066-J00732,Bike,Petrol,Private
TN09-4013-R00733,Bike,Petrol,Private
TN09-7563-J00734,Auto,Diesel,Commercial
DL08-2636-J00735,Bike,Petrol,Private
DL08-3389-E00736,Truck,Diesel,Commercial
GJ01-9185-E00737,Car,Electric,Private
TN09-8972-K00738,Bike,Petrol,Commercial
MH14-3676-B00739,Car,Petrol,Private
MH14-8370-L00740,Bus,Diesel,Commercial
KA05-6638-A00741,Bike,Petrol,Private
DL08-9821-F00742,Auto,Electric,Commercial
TN09-9363-R00743,Car,CNG,Private
KA05-8598-E00744,Car,CNG,Private
GJ01-7631-C00745,Taxi,Petrol,Commercial
TN09-6191-K00746,Bike,Petrol,Private
UP32-6950-Q00747,Bike,Petrol,Private
DL08-5122-C00748,Car,Petrol,Private
UP32-9985-B00749,Car,Petrol,Private
MH14-2702-J00750,Auto,Diesel,Commercial
GJ01-6068-H00751,Car,Petrol,Private
MH20-9630-F00752,Bike,Petrol,Private
TN09-8801-Q00753,Truck,CNG,Commercial
KA05-9987-Q00754,Bike,Petrol,Commercial
UP32-8126-K00755,Bike,Electric,Private
MH14-8239-K00756,Car,Petrol,Private
MH12-9574-E00757,Car,Petrol,Private
UP32-8816-K00758,Car,Petrol,Private
DL08-1118-M00759,Car,Petrol,Commercial
DL08-3675-N00760,Bike,Petrol,Private
DL08-9464-J00761,Car,Petrol,Private
GJ01-4080-C00762,Bus,Diesel,Commercial
UP32-8418-J00763,Car,CNG,Private
MH20-1813-A00764,Car,Petrol,Private
UP32-1134-H00765,Car,Petrol,Private
GJ01-6104-R00766,Car,Electric,Private
TN09-2314-E00767,Auto,Petrol,Commercial
MH14-9899-R00768,Auto,Petrol,Commercial
KA05-7251-A00769,Truck,Diesel,Commercial
DL08-7304-Q00770,Auto,Petrol,Commercial
DL08-8550-D00771,Taxi,Diesel,Commercial
UP32-7375-K00772,Taxi,Electric,Commercial
MH12-9534-D00773,Car,Petrol,Private
MH12-4568-D00774,Car,Petrol,Private
KA05-2960-N00775,Car,CNG,Private
UP32-3539-M00776,Car,CNG,Private
TN09-1983-B00777,Bike,Petrol,Private
MH14-3061-R00778,Bike,Petrol,Commercial
TN09-8187-G00779,Auto,Petrol,Commercial
MH20-5107-B00780,Bike,Petrol,Private
UP32-4109-F00781,Car,Diesel,Private
MH20-2128-E00782,Bike,Petrol,Private
UP32-1011-N00783,Bike,Petrol,Commercial
TN09-4912-L00784,Bike,Petrol,Private
GJ01-4110-R00785,Bike,Petrol,Private
GJ01-6276-D00786,Car,Petrol,Private
MH20-3926-B00787,Car,Petrol,Private
GJ01-9026-J00788,Car,Petrol,Private
MH12-4419-R00789,Auto,Electric,Commercial
UP32-1994-M00790,Bus,Diesel,Commercial
GJ01-7046-B00791,Taxi,CNG,Commercial
MH12-2153-K00792,Car,Petrol,Private
MH14-4784-N00793,Bike,Petrol,Private
MH20-7802-D00794,Car,CNG,Private
GJ01-2705-F00795,Auto,CNG,Commercial
TN09-3591-Q00796,Bike,Electric,Commercial
TN09-7090-P00797,Bike,Petrol,Private
DL08-9939-G00798,Auto,Petrol,Commercial
KA05-6898-Q00799,Bike,Petrol,Private
KA05-1267-E00800,Auto,Electric,Commercial
KA05-4635-G00801,Car,CNG,Private
KA05-9376-E00802,Bus,Diesel,Commercial
MH20-3267-J00803,Bike,Petrol,Private
KA05-2505-N00804,Car,Diesel,Private
TN09-8905-F00805,Car,Diesel,Commercial
MH14-5921-B00806,Auto,CNG,Commercial
MH14-1916-L00807,Bike,Petrol,Private
MH14-4714-A00808,Bike,Petrol,Private
MH12-6231-E00809,Car,Petrol,Private
GJ01-8300-C00810,Car,Petrol,Private
MH20-6507-C00811,Bike,Petrol,Private
KA05-2393-N00812,Bike,Petrol,Private
MH20-8879-G00813,Car,Diesel,Private
DL08-4970-C00814,Car,Petrol,Private
MH14-2843-P00815,Auto,Petrol,Commercial
TN09-6644-A00816,Bike,Petrol,Private
UP32-3389-Q00817,Bike,Petrol,Private
TN09-3555-C00818,Car,Petrol,Private
MH20-5713-A00819,Taxi,Petrol,Commercial
KA05-8373-R00820,Bus,Diesel,Commercial
DL08-4339-J00821,Car,Diesel,Private
MH12-7170-B00822,Taxi,Petrol,Commercial
DL08-5444-B00823,Car,Diesel,Commercial
KA05-6901-D00824,Car,Petrol,Commercial
DL08-7237-D00825,Bike,Electric,Private
MH14-4054-G00826,Bike,Petrol,Private
MH12-1651-H00827,Taxi,Electric,Commercial
UP32-7445-F00828,Car,Petrol,Private
KA05-4869-J00829,Bike,Petrol,Private
MH12-5590-H00830,Truck,Diesel,Commercial
MH20-2438-N00831,Truck,Diesel,Commercial
DL08-7837-H00832,Auto,Diesel,Commercial
KA05-6395-Q00833,Bike,Petrol,Private
DL08-3262-K00834,Car,Diesel,Commercial
GJ01-3378-F00835,Truck,Diesel,Commercial
MH14-4016-L00836,Bike,Petrol,Private
TN09-7783-P00837,Car,Petrol,Private
KA05-3489-G00838,Bus,Diesel,Commercial
KA05-4783-H00839,Car,Petrol,Private
UP32-3196-R00840,Car,CNG,Private
UP32-8763-E00841,Truck,Diesel,Commercial
GJ01-1245-J00842,Car,Electric,Private
DL08-4351-C00843,Auto,Petrol,Commercial
UP32-9027-L00844,Taxi,CNG,Commercial
GJ01-7633-B00845,Truck,Diesel,Commercial
TN09-7457-B00846,Bus,Diesel,Commercial
MH12-5025-N00847,Bike,Electric,Private
MH12-4110-K00848,Bike,Petrol,Commercial
KA05-8558-F00849,Auto,Petrol,Commercial
MH12-9470-E00850,Bike,Petrol,Private
MH14-3945-E00851,Car,Petrol,Private
UP32-4308-Q00852,Car,Petrol,Private
MH20-3024-C00853,Bike,Petrol,Private
GJ01-9383-F00854,Bike,Petrol,Private
TN09-3459-F00855,Auto,CNG,Commercial
MH12-7874-K00856,Car,Petrol,Private
MH20-2926-E00857,Bike,Electric,Private
MH12-8514-R00858,Auto,CNG,Commercial
MH12-9084-H00859,Bike,Petrol,Private
UP32-2300-A00860,Bike,Petrol,Private
DL08-1801-F00861,Bike,Petrol,Private
MH12-5889-L00862,Car,Electric,Private
MH20-3643-K00863,Bike,Petrol,Private
MH20-8460-M00864,Bike,Electric,Private
TN09-7208-C00865,Car,CNG,Private
UP32-3204-D00866,Car,Diesel,Private
DL08-4425-B00867,Bike,Petrol,Private
MH14-8924-K00868,Bike,Petrol,Private
TN09-3125-R00869,Car,Diesel,Private
MH20-4812-K00870,Bike,Electric,Private
MH14-4396-P00871,Car,Petrol,Private
DL08-1185-G00872,Bike,Petrol,Private
KA05-9301-L00873,Car,CNG,Private
GJ01-1477-F00874,Car,Petrol,Private
UP32-8774-B00875,Taxi,Diesel,Commercial
UP32-9797-L00876,Bike,Petrol,Private
MH12-9537-K00877,Taxi,Diesel,Commercial
MH12-4412-L00878,Auto,CNG,Commercial
TN09-2084-E00879,Truck,Diesel,Commercial
GJ01-9753-F00880,Car,Diesel,Private
KA05-6152-B00881,Bike,Petrol,Private
TN09-8404-K00882,Truck,Diesel,Commercial
MH14-7131-B00883,Car,CNG,Commercial
MH12-8907-E00884,Bike,Petrol,Commercial
KA05-6363-E00885,Auto,CNG,Commercial
MH20-4361-B00886,Car,Diesel,Private
MH12-6095-B00887,Bike,Petrol,Private
UP32-1755-D00888,Car,Diesel,Private
KA05-4438-L00889,Car,Petrol,Private
UP32-2927-J00890,Bike,Petrol,Private
MH14-4384-M00891,Car,Diesel,Private
KA05-5011-F00892,Taxi,Petrol,Commercial
TN09-9856-Q00893,Bike,Petrol,Private
MH12-2735-N00894,Truck,Diesel,Commercial
MH20-8304-M00895,Bike,Petrol,Private
MH14-8629-E00896,Auto,Petrol,Commercial
UP32-2593-Q00897,Bus,Diesel,Commercial
UP32-8709-H00898,Bike,Electric,Private
KA05-6954-N00899,Truck,Diesel,Commercial
TN09-6320-Q00900,Truck,Diesel,Commercial
MH14-6758-R00901,Car,Diesel,Private
MH20-9322-D00902,Auto,Petrol,Commercial
MH14-6339-C00903,Auto,CNG,Commercial
GJ01-7773-H00904,Bike,Petrol,Private
GJ01-2082-L00905,Taxi,Petrol,Commercial
GJ01-8132-L00906,Auto,Diesel,Commercial
MH14-8972-D00907,Car,Diesel,Private
UP32-3886-K00908,Bike,Electric,Private
GJ01-6364-R00909,Car,Diesel,Private
MH20-1003-E00910,Car,Diesel,Private
UP32-4205-G00911,Car,Diesel,Private
KA05-8122-M00912,Bike,Electric,Private
GJ01-3089-K00913,Bike,Petrol,Commercial
MH12-6885-D00914,Taxi,CNG,Commercial
DL08-8073-N00915,Truck,Diesel,Commercial
GJ01-7251-P00916,Auto,Diesel,Commercial
UP32-3278-G00917,Auto,Diesel,Commercial
TN09-7835-E00918,Bus,Diesel,Commercial
MH20-3200-A00919,Truck,Diesel,Commercial
UP32-8155-E00920,Car,Petrol,Private
UP32-7974-F00921,Bike,Petrol,Private
GJ01-6821-H00922,Bus,Diesel,Commercial
UP32-4878-J00923,Bike,Petrol,Private
MH12-8917-M00924,Bike,Petrol,Private
MH20-9624-J00925,Auto,Diesel,Commercial
MH14-5017-R00926,Car,Diesel,Private
KA05-1864-L00927,Auto,Diesel,Commercial
UP32-9399-R00928,Car,Diesel,Private
KA05-5738-F00929,Bike,Petrol,Commercial
KA05-2006-R00930,Auto,Diesel,Commercial
KA05-1447-K00931,Bike,Petrol,Private
KA05-5129-E00932,Car,Diesel,Private
MH14-3860-E00933,Car,Diesel,Private
DL08-8944-F00934,Car,CNG,Commercial
MH14-3376-E00935,Bike,Petrol,Private
GJ01-4898-Q00936,Bike,Petrol,Private
TN09-1890-J00937,Bike,Petrol,Private
GJ01-8802-K00938,Car,Diesel,Commercial
DL08-7222-N00939,Taxi,Diesel,Commercial
GJ01-1194-K00940,Car,Electric,Private
MH12-2595-M00941,Auto,Electric,Commercial
KA05-6488-J00942,Bike,Petrol,Private
GJ01-8554-H00943,Bike,Petrol,Private
TN09-3947-L00944,Car,Diesel,Private
MH12-7737-D00945,Bus,Diesel,Commercial
TN09-4594-K00946,Auto,Petrol,Commercial
MH14-1931-G00947,Car,Electric,Private
MH14-2415-E00948,Auto,Petrol,Commercial
MH20-2816-F00949,Auto,Petrol,Commercial
MH14-8429-J00950,Bike,Petrol,Private
TN09-5216-F00951,Auto,CNG,Commercial
MH12-7271-N00952,Car,Petrol,Private
KA05-3915-Q00953,Taxi,Petrol,Commercial
DL08-7432-F00954,Taxi,Diesel,Commercial
GJ01-4578-D00955,Car,Electric,Private
MH14-2153-J00956,Car,CNG,Private
MH12-1619-N00957,Bike,Petrol,Private
MH12-9444-R00958,Truck,Diesel,Commercial
MH14-9849-H00959,Bike,Petrol,Commercial
UP32-2985-M00960,Bus,Diesel,Commercial
MH12-2485-M00961,Car,Diesel,Commercial
UP32-5750-G00962,Car,Petrol,Private
DL08-5896-N00963,Bike,Electric,Private
MH14-8175-G00964,Bike,Petrol,Private
DL08-9015-N00965,Auto,Petrol,Commercial
KA05-9186-Q00966,Bike,Electric,Private
TN09-1701-N00967,Car,Petrol,Private
UP32-9791-E00968,Auto,CNG,Commercial
MH14-1604-E00969,Car,Diesel,Private
MH12-4976-E00970,Truck,Diesel,Commercial
KA05-2594-Q00971,Bike,Petrol,Private
MH14-2870-R00972,Car,Diesel,Private
DL08-7983-L00973,Car,CNG,Commercial
TN09-2979-E00974,Auto,Petrol,Commercial
DL08-1746-F00975,Taxi,Petrol,Commercial
MH20-7801-F00976,Car,Diesel,Private
MH12-3185-D00977,Bike,Petrol,Private
MH20-1256-R00978,Bike,Petrol,Private
KA05-7819-R00979,Taxi,Diesel,Commercial
KA05-9570-Q00980,Car,Petrol,Commercial
MH12-3949-R00981,Bike,Petrol,Private
KA05-6699-P00982,Bus,Diesel,Commercial
MH14-9686-D00983,Car,Diesel,Commercial
DL08-8605-G00984,Taxi,Petrol,Commercial
MH20-8772-R00985,Car,Petrol,Private
TN09-5670-G00986,Car,Petrol,Private
UP32-1709-D00987,Bus,Diesel,Commercial
MH20-3589-A00988,Taxi,Diesel,Commercial
DL08-8287-L00989,Car,Petrol,Private
DL08-2804-L00990,Truck,Diesel,Commercial
GJ01-4276-N00991,Car,CNG,Private
MH12-8141-E00992,Bike,Petrol,Private
TN09-3234-Q00993,Car,CNG,Private
DL08-6503-E00994,Taxi,Petrol,Commercial
KA05-3236-D00995,Bike,Electric,Private
TN09-4602-K00996,Car,Diesel,Private
MH20-4763-C00997,Bike,Petrol,Private
DL08-8757-Q00998,Truck,Diesel,Commercial
DL08-5060-L00999,Auto,Petrol,Commercial
MH20-1083-P01000,Car,Electric,Private
MH12-7974-N01001,Bike,Petrol,Private
UP32-9114-H01002,Bus,Diesel,Commercial
GJ01-4571-E01003,Auto,Petrol,Commercial
MH14-1260-R01004,Car,Diesel,Private
MH12-8452-Q01005,Bike,Petrol,Commercial
TN09-8607-A01006,Bike,Electric,Private
TN09-9698-B01007,Truck,Diesel,Commercial
DL08-2326-L01008,Auto,CNG,Commercial
TN09-1844-D01009,Car,Petrol,Private
TN09-3871-C01010,Car,Diesel,Private
TN09-4909-D01011,Car,Diesel,Private
DL08-4693-L01012,Auto,Petrol,Commercial
GJ01-5540-B01013,Car,Petrol,Private
MH14-8703-K01014,Bike,Petrol,Private
MH14-4085-Q01015,Auto,Petrol,Commercial
MH20-5724-C01016,Bike,Petrol,Private
UP32-3465-G01017,Auto,Diesel,Commercial
KA05-7824-E01018,Bike,Petrol,Private
MH12-5776-G01019,Auto,Petrol,Commercial
DL08-9513-L01020,Truck,Diesel,Commercial
TN09-8965-Q01021,Bike,Petrol,Private
KA05-3813-J01022,Truck,Diesel,Commercial
KA05-1775-E01023,Bike,Petrol,Private
MH20-9770-K01024,Car,Petrol,Private
MH20-3641-H01025,Auto,Petrol,Commercial
MH20-8223-J01026,Taxi,Petrol,Commercial
MH12-6192-M01027,Car,Petrol,Private
KA05-2990-A01028,Taxi,Petrol,Commercial
MH20-8504-L01029,Bike,Petrol,Commercial
TN09-5842-R01030,Bike,Electric,Commercial
MH20-8243-L01031,Auto,Diesel,Commercial
MH12-3284-D01032,Auto,Petrol,Commercial
DL08-8306-M01033,Bike,Petrol,Private
DL08-5553-G01034,Bike,Petrol,Private
MH14-9385-N01035,Bike,Petrol,Private
MH12-6915-N01036,Bike,Petrol,Commercial
TN09-1199-K01037,Bike,Petrol,Private
MH14-4533-Q01038,Bike,Petrol,Private
MH20-7944-P01039,Bike,Petrol,Private
DL08-5968-R01040,Car,Electric,Private
GJ01-2449-A01041,Car,Petrol,Commercial
UP32-3243-G01042,Bike,Petrol,Private
MH12-5947-K01043,Bike,Petrol,Private
MH12-3523-J01044,Car,Petrol,Private
MH14-5713-P01045,Bike,Petrol,Commercial
MH12-2955-J01046,Bike,Petrol,Commercial
TN09-8872-P01047,Bike,Electric,Private
MH14-7114-A01048,Bike,Petrol,Private
TN09-8553-E01049,Car,Petrol,Private
TN09-1798-K01050,Bike,Petrol,Private
DL08-4002-D01051,Car,Diesel,Private
TN09-5932-J01052,Car,Diesel,Private
TN09-3354-A01053,Car,Petrol,Private
GJ01-6575-F01054,Auto,Petrol,Commercial
DL08-4087-D01055,Car,Petrol,Commercial
MH20-1284-R01056,Car,Petrol,Private
UP32-9570-L01057,Car,Petrol,Private
MH14-4643-E01058,Auto,CNG,Commercial
DL08-6036-E01059,Car,Petrol,Commercial
MH14-2273-A01060,Bike,Petrol,Private
MH14-1537-B01061,Car,Diesel,Commercial
KA05-1168-D01062,Car,CNG,Commercial
DL08-4027-M01063,Car,Petrol,Private
KA05-6698-M01064,Auto,Petrol,Commercial
DL08-9272-C01065,Bike,Petrol,Private
DL08-4138-K01066,Car,Petrol,Private
MH14-4506-R01067,Car,Petrol,Private
MH14-3963-M01068,Bike,Electric,Private
GJ01-2848-L01069,Bike,Petrol,Private
TN09-5723-B01070,Car,Petrol,Private
UP32-6111-Q01071,Bike,Petrol,Private
GJ01-4093-C01072,Taxi,CNG,Commercial
TN09-3937-A01073,Bus,CNG,Commercial
MH14-7494-Q01074,Bike,Petrol,Private
GJ01-7563-D01075,Car,CNG,Commercial
TN09-4261-L01076,Car,Petrol,Private
DL08-7958-R01077,Bike,Petrol,Private
KA05-7557-M01078,Bike,Petrol,Private
UP32-9379-J01079,Bike,Petrol,Private
UP32-9147-H01080,Car,Diesel,Private
MH12-2117-R01081,Car,Diesel,Commercial
TN09-3502-K01082,Bike,Petrol,Private
UP32-8635-G01083,Car,Petrol,Private
TN09-9856-A01084,Bike,Electric,Private
MH14-7285-Q01085,Bike,Petrol,Private
MH12-3897-K01086,Bike,Electric,Private
KA05-7374-R01087,Bike,Petrol,Private
UP32-8797-F01088,Bike,Petrol,Private
GJ01-6779-K01089,Bike,Petrol,Private
TN09-6715-A01090,Car,CNG,Private
GJ01-6654-M01091,Bike,Petrol,Private
DL08-6113-C01092,Car,Electric,Private
TN09-3781-A01093,Car,Diesel,Private
GJ01-9433-P01094,Bike,Petrol,Private
TN09-7188-N01095,Bike,Petrol,Private
DL08-6504-R01096,Bike,Petrol,Private
KA05-6952-P01097,Car,Petrol,Private
MH14-9779-G01098,Taxi,Petrol,Commercial
GJ01-4700-C01099,Car,CNG,Private
KA05-2102-R01100,Bike,Petrol,Private
KA05-9268-K01101,Car,Petrol,Private
GJ01-5116-Q01102,Car,Diesel,Private
MH20-9178-G01103,Truck,Diesel,Commercial
UP32-5389-P01104,Bus,CNG,Commercial
MH12-9556-G01105,Auto,Petrol,Commercial
MH20-5919-P01106,Car,Petrol,Commercial
DL08-7757-J01107,Truck,CNG,Commercial
KA05-4868-N01108,Bike,Petrol,Private
KA05-8604-R01109,Car,Diesel,Private
MH12-4309-F01110,Bike,Petrol,Private
KA05-3883-B01111,Auto,Electric,Commercial
MH12-1906-C01112,Bike,Petrol,Private
GJ01-6954-C01113,Car,Petrol,Private
DL08-2833-D01114,Bus,Diesel,Commercial
KA05-9133-C01115,Bus,Diesel,Commercial
TN09-6395-N01116,Car,CNG,Private
DL08-3363-D01117,Taxi,Petrol,Commercial
UP32-7690-J01118,Taxi,CNG,Commercial
TN09-2850-L01119,Car,Diesel,Private
KA05-3374-M01120,Car,Diesel,Private
MH12-1895-H01121,Car,Petrol,Private
TN09-2999-H01122,Bike,Electric,Private
GJ01-5186-K01123,Truck,Diesel,Commercial
DL08-5872-G01124,Bus,CNG,Commercial
UP32-6196-P01125,Car,CNG,Private
UP32-8718-P01126,Car,Electric,Private
MH14-3627-J01127,Bike,Petrol,Private
TN09-8426-A01128,Bike,Petrol,Private
UP32-3229-A01129,Car,Petrol,Private
MH14-2815-F01130,Car,Petrol,Private
MH20-7722-L01131,Auto,Diesel,Commercial
MH20-5270-F01132,Truck,Diesel,Commercial
KA05-4254-C01133,Bus,Diesel,Commercial
GJ01-4677-A01134,Car,Electric,Commercial
DL08-2457-Q01135,Bike,Petrol,Private
GJ01-8027-J01136,Car,Petrol,Commercial
MH14-1231-P01137,Car,CNG,Commercial
UP32-2941-H01138,Bus,Diesel,Commercial
KA05-5717-R01139,Car,Petrol,Private
DL08-5636-G01140,Car,Petrol,Private
KA05-5289-H01141,Car,Diesel,Commercial
UP32-2404-A01142,Bike,Petrol,Commercial
GJ01-4476-N01143,Taxi,CNG,Commercial
KA05-2196-D01144,Auto,Diesel,Commercial
DL08-8715-M01145,Car,Electric,Commercial
MH12-1087-J01146,Taxi,Diesel,Commercial
GJ01-7076-E01147,Bike,Electric,Private
KA05-3783-R01148,Bike,Electric,Commercial
TN09-9690-P01149,Car,Petrol,Private
MH20-9179-J01150,Car,CNG,Commercial
KA05-5321-L01151,Car,Petrol,Private
UP32-3478-Q01152,Auto,Petrol,Commercial
DL08-4000-B01153,Car,Diesel,Private
MH14-9108-B01154,Bike,Petrol,Commercial
UP32-9077-D01155,Bike,Petrol,Commercial
MH14-4337-K01156,Car,Petrol,Private
KA05-4479-A01157,Bike,Petrol,Private
MH14-5033-R01158,Bike,Petrol,Commercial
MH14-7458-M01159,Car,Diesel,Commercial
MH20-1473-C01160,Bus,Diesel,Commercial
UP32-8439-J01161,Auto,Diesel,Commercial
MH12-8423-L01162,Car,Electric,Commercial
MH20-4463-B01163,Truck,CNG,Commercial
MH12-2158-N01164,Car,Petrol,Private
GJ01-2461-A01165,Car,CNG,Private
KA05-3525-D01166,Auto,Petrol,Commercial
KA05-3151-M01167,Bus,Diesel,Commercial
DL08-9021-Q01168,Bus,CNG,Commercial
GJ01-2478-P01169,Bike,Petrol,Private
GJ01-2522-B01170,Bike,Petrol,Commercial
MH20-9115-C01171,Auto,Petrol,Commercial
UP32-5921-E01172,Bike,Electric,Private
DL08-9570-P01173,Car,Petrol,Private
MH12-9411-D01174,Car,Diesel,Private
KA05-6823-J01175,Bike,Petrol,Private
UP32-3941-F01176,Car,CNG,Private
KA05-6143-Q01177,Bike,Petrol,Private
TN09-4066-G01178,Bus,Diesel,Commercial
KA05-2742-P01179,Auto,Diesel,Commercial
MH14-1217-F01180,Car,Diesel,Private
UP32-5961-M01181,Bike,Petrol,Commercial
KA05-2435-E01182,Auto,Petrol,Commercial
MH12-4083-A01183,Car,Petrol,Private
GJ01-9824-G01184,Bike,Petrol,Private
GJ01-1357-D01185,Car,Petrol,Private
UP32-8724-A01186,Auto,CNG,Commercial
DL08-5830-N01187,Bike,Petrol,Private
GJ01-7810-R01188,Bike,Petrol,Private
KA05-1606-R01189,Bike,Petrol,Private
UP32-4799-B01190,Auto,Diesel,Commercial
TN09-2040-J01191,Bike,Electric,Private
UP32-6681-Q01192,Bike,Petrol,Private
DL08-8688-M01193,Car,Petrol,Private
TN09-8675-E01194,Bike,Electric,Private
GJ01-6902-R01195,Bike,Petrol,Private
KA05-2412-R01196,Bike,Petrol,Private
MH14-7815-R01197,Bike,Petrol,Private
MH12-6878-J01198,Car,Petrol,Private
MH12-2043-L01199,Bus,Diesel,Commercial
MH14-4671-R01200,Bike,Petrol,Private
MH12-5382-E01201,Bike,Electric,Commercial
MH14-1826-Q01202,Bike,Petrol,Commercial
MH14-2669-B01203,Auto,Diesel,Commercial
MH14-4365-M01204,Car,Petrol,Private
UP32-2626-E01205,Bike,Petrol,Private
DL08-8194-P01206,Car,CNG,Private
UP32-6592-K01207,Bus,Diesel,Commercial
TN09-7799-M01208,Car,Diesel,Private
GJ01-4738-E01209,Auto,CNG,Commercial
GJ01-8516-M01210,Bike,Electric,Private
MH14-2389-L01211,Auto,Petrol,Commercial
MH20-8111-B01212,Taxi,Petrol,Commercial
MH20-1947-K01213,Car,Petrol,Commercial
KA05-6139-M01214,Auto,Petrol,Commercial
MH20-7618-Q01215,Car,Diesel,Commercial
UP32-6656-N01216,Bike,Petrol,Commercial
TN09-7389-E01217,Car,Diesel,Private
KA05-9541-L01218,Car,CNG,Private
KA05-4954-K01219,Car,CNG,Commercial
MH12-7110-J01220,Car,Diesel,Private
MH14-8352-K01221,Car,Diesel,Private
DL08-9737-H01222,Car,Petrol,Private
MH20-7187-H01223,Auto,Petrol,Commercial
DL08-6919-Q01224,Bike,Petrol,Private
MH14-2511-B01225,Bus,Diesel,Commercial
DL08-8309-C01226,Car,Petrol,Private
GJ01-5320-R01227,Bike,Petrol,Commercial
UP32-7830-F01228,Auto,Petrol,Commercial
UP32-3119-D01229,Car,Diesel,Private
MH20-7051-D01230,Car,Diesel,Private
KA05-1659-E01231,Car,Petrol,Private
KA05-8961-A01232,Bike,Petrol,Private
MH12-5999-K01233,Bike,Petrol,Private
MH14-9970-M01234,Bike,Petrol,Private
KA05-8411-L01235,Bike,Petrol,Private
MH20-3269-Q01236,Auto,CNG,Commercial
MH20-6328-C01237,Auto,CNG,Commercial
GJ01-7344-H01238,Auto,Electric,Commercial
MH12-8259-J01239,Car,Diesel,Commercial
KA05-3028-C01240,Auto,Petrol,Commercial
MH12-9548-G01241,Bike,Petrol,Private
MH20-1310-J01242,Car,CNG,Private
UP32-2386-L01243,Auto,Petrol,Commercial
MH12-6569-P01244,Car,Petrol,Private
GJ01-5213-C01245,Bike,Petrol,Private
MH20-3992-J01246,Car,CNG,Private
MH20-1965-L01247,Taxi,Petrol,Commercial
KA05-7388-D01248,Auto,Petrol,Commercial
TN09-5225-N01249,Bike,Electric,Commercial
DL08-4874-R01250,Car,Diesel,Private
KA05-1993-L01251,Taxi,Diesel,Commercial
UP32-1473-P01252,Bike,Petrol,Commercial
MH14-5035-E01253,Car,Petrol,Private
DL08-3332-M01254,Car,Diesel,Private
GJ01-8401-B01255,Car,Petrol,Private
KA05-3742-A01256,Bus,Diesel,Commercial
KA05-5110-N01257,Taxi,Electric,Commercial
DL08-9361-K01258,Bus,Diesel,Commercial
MH14-5925-C01259,Auto,Petrol,Commercial
MH20-5578-P01260,Car,Petrol,Private
TN09-5282-Q01261,Bus,Diesel,Commercial
TN09-6597-G01262,Auto,Diesel,Commercial
MH12-3190-A01263,Bike,Petrol,Private
MH20-7769-R01264,Car,CNG,Private
MH14-9825-A01265,Auto,CNG,Commercial
UP32-3022-M01266,Bus,CNG,Commercial
TN09-7336-F01267,Bike,Petrol,Private
MH14-8580-M01268,Taxi,Electric,Commercial
DL08-1324-J01269,Bike,Petrol,Private
KA05-4623-H01270,Car,Electric,Commercial
UP32-4425-A01271,Car,Petrol,Private
KA05-9197-R01272,Bike,Petrol,Private
MH20-2070-E01273,Auto,CNG,Commercial
DL08-9570-J01274,Car,Petrol,Private
KA05-8437-A01275,Taxi,Electric,Commercial
MH12-6292-P01276,Bike,Petrol,Private
UP32-9119-M01277,Car,Diesel,Private
MH12-5553-P01278,Auto,Diesel,Commercial
GJ01-4188-L01279,Car,Petrol,Private
DL08-7943-C01280,Car,Electric,Private
MH14-2584-A01281,Car,Diesel,Private
TN09-5102-H01282,Bike,Petrol,Private
MH12-6465-H01283,Bike,Electric,Private
MH14-8314-D01284,Bike,Petrol,Private
TN09-2065-E01285,Car,Petrol,Private
GJ01-2077-D01286,Car,Diesel,Private
GJ01-7581-D01287,Car,Diesel,Private
MH12-8428-N01288,Truck,Diesel,Commercial
MH14-6564-A01289,Bike,Petrol,Private
MH14-1201-C01290,Car,Diesel,Private
MH20-9337-J01291,Truck,Diesel,Commercial
UP32-4046-H01292,Bike,Petrol,Private
GJ01-9407-M01293,Car,Petrol,Commercial
MH20-8692-K01294,Auto,Diesel,Commercial
MH12-9481-E01295,Car,Petrol,Private
MH12-7915-M01296,Bus,Diesel,Commercial
DL08-2120-L01297,Car,Petrol,Private
UP32-6425-L01298,Auto,Diesel,Commercial
MH20-2717-Q01299,Bike,Electric,Commercial
MH12-4654-H01300,Bike,Petrol,Private
TN09-7158-G01301,Bike,Petrol,Private
MH12-2208-M01302,Car,Petrol,Private
DL08-6896-B01303,Car,Electric,Private
DL08-5292-F01304,Car,Petrol,Private
MH12-3884-J01305,Car,Electric,Private
GJ01-2818-L01306,Auto,Electric,Commercial
DL08-7056-M01307,Car,Diesel,Commercial
GJ01-2071-D01308,Taxi,Petrol,Commercial
DL08-4140-N01309,Taxi,Diesel,Commercial
GJ01-5006-B01310,Car,CNG,Private
KA05-3434-L01311,Truck,Diesel,Commercial
KA05-3071-R01312,Bike,Petrol,Private
MH14-3743-N01313,Bike,Petrol,Private
UP32-9501-Q01314,Bike,Petrol,Private
UP32-9106-R01315,Bike,Petrol,Private
MH12-4394-H01316,Taxi,CNG,Commercial
DL08-7486-G01317,Bike,Petrol,Commercial
TN09-5170-C01318,Bike,Petrol,Private
TN09-4771-B01319,Bike,Petrol,Private
UP32-8086-P01320,Bike,Petrol,Private
MH12-3942-Q01321,Car,Petrol,Private
MH14-5825-C01322,Bike,Petrol,Commercial
MH14-6902-B01323,Car,Diesel,Private
KA05-5959-J01324,Auto,Petrol,Commercial
MH20-9898-J01325,Bike,Petrol,Private
GJ01-7647-A01326,Bus,Diesel,Commercial
MH20-7512-H01327,Bike,Petrol,Private
UP32-8559-L01328,Bike,Petrol,Private
GJ01-4433-Q01329,Car,Petrol,Private
MH20-6006-A01330,Bike,Petrol,Private
DL08-7867-P01331,Bike,Petrol,Private
KA05-6342-A01332,Auto,Diesel,Commercial
MH20-3518-L01333,Car,Diesel,Private
GJ01-7247-G01334,Truck,CNG,Commercial
GJ01-4085-R01335,Car,Petrol,Private
KA05-2527-F01336,Bike,Petrol,Private
UP32-1439-F01337,Car,Petrol,Commercial
DL08-4818-K01338,Bike,Petrol,Private
MH12-3815-L01339,Car,CNG,Private
MH14-3115-P01340,Car,Diesel,Private
DL08-3128-G01341,Taxi,Petrol,Commercial
UP32-3601-K01342,Bus,Diesel,Commercial
UP32-5512-G01343,Bike,Petrol,Private
GJ01-5044-L01344,Car,Electric,Commercial
MH12-2492-K01345,Bike,Petrol,Commercial
KA05-7407-F01346,Bike,Petrol,Private
GJ01-8501-N01347,Bike,Electric,Private
GJ01-1715-H01348,Bike,Electric,Private
KA05-2093-G01349,Truck,CNG,Commercial
MH14-7041-C01350,Bike,Petrol,Private
GJ01-8388-F01351,Auto,Petrol,Commercial
UP32-1437-C01352,Bike,Petrol,Private
TN09-7542-G01353,Bike,Petrol,Private
MH20-6359-Q01354,Car,Diesel,Private
DL08-8171-E01355,Bike,Petrol,Private
MH12-2646-F01356,Car,Petrol,Private
MH14-1183-J01357,Bike,Petrol,Private
MH12-9721-G01358,Car,Petrol,Private
MH14-7399-K01359,Bike,Petrol,Private
GJ01-4305-H01360,Car,Petrol,Private
GJ01-1457-A01361,Car,Petrol,Private
DL08-2582-F01362,Auto,CNG,Commercial
MH14-6359-L01363,Car,Diesel,Private
GJ01-8010-D01364,Car,Petrol,Private
MH12-7588-L01365,Car,Petrol,Private
KA05-7045-B01366,Car,Petrol,Private
UP32-2668-F01367,Car,Petrol,Private
GJ01-3177-L01368,Car,Petrol,Private
UP32-2106-L01369,Auto,Petrol,Commercial
UP32-7264-H01370,Truck,Diesel,Commercial
MH12-4811-A01371,Auto,Diesel,Commercial
KA05-4873-P01372,Truck,Diesel,Commercial
MH12-3253-M01373,Bike,Petrol,Private
MH12-4900-Q01374,Bike,Petrol,Private
MH12-9533-P01375,Car,Diesel,Private
TN09-6615-H01376,Car,Petrol,Private
DL08-4644-N01377,Truck,Diesel,Commercial
MH12-2058-R01378,Car,Petrol,Private
MH20-4345-E01379,Bike,Petrol,Private
DL08-4871-C01380,Bus,Diesel,Commercial
MH20-4236-H01381,Bike,Petrol,Private
UP32-4299-J01382,Car,CNG,Private
TN09-7524-N01383,Taxi,Petrol,Commercial
GJ01-3553-R01384,Bike,Petrol,Private
KA05-9801-E01385,Truck,Diesel,Commercial
GJ01-8596-K01386,Car,Diesel,Private
MH14-6459-E01387,Bike,Petrol,Private
MH12-1210-M01388,Truck,Diesel,Commercial
GJ01-7113-N01389,Taxi,Diesel,Commercial
MH14-7697-B01390,Bike,Electric,Private
MH20-4182-P01391,Taxi,Electric,Commercial
TN09-9349-R01392,Auto,Diesel,Commercial
MH12-7313-P01393,Bike,Petrol,Private
TN09-1462-E01394,Car,Petrol,Private
KA05-5053-F01395,Auto,Petrol,Commercial
GJ01-7515-C01396,Auto,Diesel,Commercial
GJ01-3716-P01397,Car,Petrol,Private
GJ01-6045-P01398,Taxi,CNG,Commercial
MH14-2790-M01399,Taxi,CNG,Commercial
DL08-7520-K01400,Car,Petrol,Private
MH14-2144-P01401,Bike,Petrol,Private
MH20-3890-M01402,Auto,Petrol,Commercial
UP32-3981-D01403,Car,Diesel,Private
MH12-3993-G01404,Car,Petrol,Commercial
MH14-3721-C01405,Bike,Petrol,Private
TN09-1486-H01406,Car,Diesel,Private
MH12-5359-A01407,Car,Diesel,Private
DL08-9557-A01408,Car,Petrol,Private
KA05-8961-R01409,Taxi,CNG,Commercial
TN09-7074-L01410,Bike,Electric,Private
GJ01-7200-B01411,Taxi,Electric,Commercial
MH14-1050-Q01412,Truck,CNG,Commercial
MH20-1420-D01413,Bike,Electric,Private
DL08-7036-Q01414,Auto,Diesel,Commercial
UP32-9436-P01415,Bike,Petrol,Private
TN09-1272-M01416,Bike,Electric,Commercial
UP32-4826-R01417,Auto,Petrol,Commercial
MH14-6707-P01418,Bike,Electric,Commercial
MH14-7305-K01419,Bike,Petrol,Private
MH12-3094-R01420,Truck,Diesel,Commercial
UP32-3753-Q01421,Car,Electric,Private
DL08-4467-F01422,Bike,Petrol,Private
GJ01-1478-F01423,Car,Electric,Private
KA05-4610-J01424,Bike,Petrol,Commercial
MH20-9757-R01425,Auto,Petrol,Commercial
DL08-2059-L01426,Auto,Petrol,Commercial
GJ01-8159-H01427,Auto,Petrol,Commercial
MH14-2824-C01428,Car,Petrol,Private
MH14-7025-E01429,Car,CNG,Commercial
MH12-6092-B01430,Bike,Petrol,Private
GJ01-6237-M01431,Bike,Petrol,Commercial
DL08-2746-N01432,Car,Petrol,Commercial
KA05-4586-R01433,Car,Diesel,Private
MH12-6245-K01434,Car,Diesel,Private
UP32-4534-R01435,Car,Petrol,Commercial
TN09-3501-G01436,Car,CNG,Commercial
MH12-3933-R01437,Car,CNG,Private
MH20-1353-N01438,Bus,Diesel,Commercial
TN09-7412-N01439,Auto,Petrol,Commercial
KA05-4196-N01440,Auto,Petrol,Commercial
MH12-5981-Q01441,Car,Diesel,Private
UP32-5769-E01442,Bike,Petrol,Private
MH12-6934-D01443,Car,Diesel,Commercial
GJ01-3756-B01444,Car,Petrol,Commercial
MH12-2922-L01445,Car,Diesel,Commercial
GJ01-5014-B01446,Bike,Petrol,Private
MH20-7150-C01447,Car,CNG,Commercial
KA05-8292-M01448,Bike,Petrol,Private
DL08-1377-R01449,Car,Petrol,Private
MH20-7290-R01450,Auto,Electric,Commercial
KA05-3051-D01451,Auto,Petrol,Commercial
MH20-7640-A01452,Auto,Petrol,Commercial
UP32-2047-D01453,Bus,Diesel,Commercial
MH14-3960-F01454,Car,Petrol,Private
MH12-3110-G01455,Car,Diesel,Private
MH12-2386-D01456,Car,Diesel,Private
GJ01-1001-H01457,Bike,Petrol,Commercial
KA05-9750-Q01458,Bike,Petrol,Private
TN09-9818-G01459,Car,Diesel,Private
MH12-4081-E01460,Car,Petrol,Private
DL08-6882-J01461,Taxi,Petrol,Commercial
MH14-5177-J01462,Bike,Petrol,Commercial
MH14-5164-P01463,Bike,Electric,Private
KA05-4156-M01464,Car,Diesel,Private
MH20-7876-E01465,Bike,Petrol,Private
DL08-2270-J01466,Bike,Petrol,Private
MH14-6396-C01467,Bike,Petrol,Private
DL08-5483-A01468,Car,Petrol,Commercial
MH14-3023-F01469,Car,Diesel,Commercial
UP32-2565-M01470,Bike,Petrol,Commercial
MH14-1785-F01471,Bike,Petrol,Private
GJ01-8812-E01472,Car,Petrol,Private
MH20-3337-N01473,Auto,Diesel,Commercial
TN09-5081-P01474,Car,CNG,Private
UP32-9228-K01475,Taxi,Petrol,Commercial
DL08-6000-C01476,Bike,Electric,Private
MH14-2302-C01477,Car,CNG,Commercial
MH12-2385-K01478,Car,Diesel,Private
GJ01-9334-E01479,Truck,Diesel,Commercial
MH14-7643-A01480,Bike,Petrol,Commercial
GJ01-9754-M01481,Auto,Petrol,Commercial
MH12-8350-F01482,Auto,Diesel,Commercial
DL08-3864-C01483,Truck,Diesel,Commercial
TN09-1834-P01484,Car,Diesel,Private
TN09-5092-D01485,Taxi,Petrol,Commercial
KA05-4490-A01486,Bike,Petrol,Private
KA05-9446-B01487,Car,Electric,Commercial
MH12-6828-A01488,Bus,Diesel,Commercial
TN09-2755-A01489,Car,Petrol,Private
MH12-2660-P01490,Bike,Petrol,Private
MH20-7729-D01491,Bike,Electric,Private
KA05-4704-R01492,Auto,Petrol,Commercial
GJ01-3984-J01493,Car,Petrol,Private
MH20-3291-M01494,Bus,Diesel,Commercial
DL08-2813-G01495,Car,Petrol,Private
TN09-1517-F01496,Bike,Petrol,Commercial
KA05-2946-P01497,Taxi,Diesel,Commercial
MH20-6322-N01498,Bike,Petrol,Commercial
GJ01-3153-D01499,Bus,CNG,Commercial
MH20-3548-M01500,Auto,Diesel,Commercial
DL08-1852-L01501,Auto,Petrol,Commercial
MH12-8116-R01502,Bike,Petrol,Private
DL08-3498-F01503,Auto,Petrol,Commercial
KA05-5052-P01504,Auto,Petrol,Commercial
MH14-9230-F01505,Auto,Petrol,Commercial
MH20-4758-D01506,Truck,Diesel,Commercial
DL08-3395-P01507,Car,Petrol,Private
GJ01-7673-K01508,Truck,Diesel,Commercial
DL08-6507-P01509,Taxi,Diesel,Commercial
MH12-5985-D01510,Bike,Petrol,Private
GJ01-5046-L01511,Bike,Electric,Private
TN09-4473-K01512,Car,Diesel,Commercial
MH20-5133-R01513,Car,Petrol,Private
MH12-3134-L01514,Car,Petrol,Private
TN09-4903-J01515,Auto,Petrol,Commercial
MH14-3137-D01516,Bike,Petrol,Commercial
DL08-4160-Q01517,Truck,CNG,Commercial
TN09-5939-R01518,Car,Electric,Private
MH12-3094-G01519,Auto,Petrol,Commercial
TN09-6996-Q01520,Auto,Diesel,Commercial
GJ01-2109-R01521,Car,Petrol,Commercial
MH12-3735-J01522,Bike,Petrol,Private
MH12-4116-N01523,Car,Diesel,Private
MH14-3711-Q01524,Bike,Petrol,Private
GJ01-5448-G01525,Auto,Petrol,Commercial
DL08-1145-Q01526,Car,Diesel,Private
DL08-5855-J01527,Car,Diesel,Private
DL08-5781-B01528,Car,Diesel,Commercial
MH20-5430-B01529,Car,Diesel,Private
MH14-1022-M01530,Bus,Diesel,Commercial
TN09-2363-J01531,Taxi,CNG,Commercial
KA05-6318-B01532,Bike,Petrol,Private
KA05-3895-J01533,Bike,Electric,Private
MH14-7258-J01534,Taxi,CNG,Commercial
DL08-8244-H01535,Bike,Petrol,Private
GJ01-3550-Q01536,Bike,Petrol,Private
UP32-2535-R01537,Bike,Petrol,Private
DL08-9036-F01538,Truck,Diesel,Commercial
MH20-3911-N01539,Car,Diesel,Private
GJ01-5018-Q01540,Car,Electric,Commercial
MH20-1193-D01541,Car,Petrol,Private
MH12-3165-H01542,Bus,Diesel,Commercial
MH12-1153-D01543,Car,Diesel,Private
MH14-4314-E01544,Truck,Diesel,Commercial
UP32-3672-K01545,Bike,Petrol,Private
KA05-9906-D01546,Car,Petrol,Private
MH14-9381-P01547,Bike,Petrol,Commercial
GJ01-7314-E01548,Car,Petrol,Private
GJ01-2841-R01549,Taxi,Petrol,Commercial
MH14-5617-M01550,Car,Petrol,Private
MH14-1710-E01551,Bike,Petrol,Private
GJ01-3461-K01552,Bike,Petrol,Private
KA05-9179-M01553,Truck,CNG,Commercial
MH14-1035-E01554,Bus,Diesel,Commercial
MH20-7399-Q01555,Car,CNG,Private
MH14-2854-P01556,Bike,Electric,Private
MH20-3979-N01557,Car,Petrol,Private
GJ01-6463-E01558,Bike,Petrol,Private
GJ01-9144-R01559,Car,Diesel,Private
GJ01-9633-H01560,Bike,Petrol,Private
MH12-6937-R01561,Car,Electric,Commercial
TN09-6912-E01562,Car,Petrol,Private
GJ01-4973-G01563,Truck,CNG,Commercial
MH20-2920-E01564,Car,Petrol,Private
TN09-1886-D01565,Taxi,Diesel,Commercial
MH20-1494-E01566,Car,Petrol,Private
GJ01-3452-F01567,Car,Diesel,Private
KA05-8703-P01568,Bike,Petrol,Private
MH12-5698-D01569,Bike,Petrol,Commercial
MH20-9245-F01570,Car,Petrol,Private
UP32-5227-K01571,Auto,CNG,Commercial
MH20-5453-C01572,Bike,Petrol,Commercial
DL08-7560-B01573,Car,Petrol,Private
MH14-8674-R01574,Auto,Petrol,Commercial
GJ01-3700-B01575,Bike,Petrol,Private
MH14-2710-C01576,Car,Petrol,Private
DL08-5623-F01577,Car,Diesel,Private
KA05-4075-G01578,Bike,Petrol,Private
MH12-8926-B01579,Car,Petrol,Private
TN09-5626-N01580,Car,Diesel,Private
TN09-3122-D01581,Bike,Petrol,Commercial
MH20-1388-N01582,Bike,Petrol,Commercial
MH20-3482-Q01583,Car,Petrol,Private
DL08-4533-E01584,Taxi,CNG,Commercial
TN09-8331-E01585,Car,Petrol,Private
GJ01-1655-N01586,Truck,Diesel,Commercial
MH14-3496-R01587,Taxi,Petrol,Commercial
KA05-9964-C01588,Car,Diesel,Private
KA05-3645-C01589,Car,Petrol,Private
MH20-8548-J01590,Car,Electric,Commercial
UP32-3301-D01591,Auto,Electric,Commercial
TN09-5696-N01592,Bike,Petrol,Private
UP32-7008-L01593,Auto,Petrol,Commercial
UP32-5306-B01594,Auto,Diesel,Commercial
DL08-1130-E01595,Bike,Electric,Private
GJ01-2195-H01596,Car,Petrol,Private
UP32-8675-Q01597,Car,Petrol,Private
GJ01-8096-G01598,Car,Petrol,Private
UP32-4483-R01599,Bike,Petrol,Private
UP32-3384-G01600,Bike,Petrol,Private
GJ01-2022-M01601,Bike,Petrol,Commercial
DL08-1375-P01602,Car,Petrol,Private
MH14-5487-N01603,Car,Petrol,Commercial
GJ01-9597-G01604,Bike,Petrol,Private
MH14-8021-L01605,Bus,CNG,Commercial
DL08-6722-P01606,Car,Diesel,Private
GJ01-6811-N01607,Auto,CNG,Commercial
DL08-2274-E01608,Bike,Petrol,Commercial
TN09-1232-E01609,Taxi,CNG,Commercial
UP32-6184-D01610,Taxi,CNG,Commercial
KA05-9531-A01611,Auto,Electric,Commercial
MH20-8361-D01612,Taxi,Petrol,Commercial
DL08-7884-F01613,Auto,Diesel,Commercial
DL08-4131-A01614,Car,Petrol,Private
KA05-9226-D01615,Car,Diesel,Private
GJ01-6762-M01616,Bike,Petrol,Private
TN09-2857-F01617,Taxi,Diesel,Commercial
MH20-9892-P01618,Bike,Petrol,Private
GJ01-5640-D01619,Auto,Electric,Commercial
MH14-2468-A01620,Bus,Diesel,Commercial
UP32-9924-D01621,Bike,Petrol,Private
KA05-7891-G01622,Bus,Diesel,Commercial
GJ01-2875-G01623,Bike,Electric,Commercial
UP32-7765-N01624,Bike,Petrol,Private
KA05-5384-J01625,Car,Petrol,Commercial
DL08-1068-P01626,Truck,Diesel,Commercial
TN09-9502-L01627,Car,Petrol,Commercial
DL08-7412-G01628,Taxi,Diesel,Commercial
MH12-8030-E01629,Bike,Electric,Private
GJ01-6212-F01630,Auto,Petrol,Commercial
MH20-9261-D01631,Car,Diesel,Private
KA05-3605-L01632,Bus,Diesel,Commercial
GJ01-1189-E01633,Car,Petrol,Private
MH14-7265-A01634,Taxi,CNG,Commercial
UP32-6867-F01635,Car,Petrol,Commercial
DL08-7194-J01636,Car,Diesel,Private
MH12-2694-D01637,Taxi,Diesel,Commercial
MH14-3323-K01638,Bike,Petrol,Private
TN09-4407-N01639,Car,Petrol,Private
UP32-2250-G01640,Bike,Petrol,Private
UP32-3639-F01641,Car,Petrol,Commercial
MH12-2920-L01642,Bike,Electric,Private
MH12-3595-J01643,Bike,Electric,Private
MH12-9486-E01644,Car,Petrol,Private
MH12-6366-E01645,Truck,Diesel,Commercial
MH20-5384-J01646,Auto,Diesel,Commercial
TN09-5822-Q01647,Taxi,CNG,Commercial
GJ01-4163-J01648,Bike,Petrol,Private
KA05-7436-D01649,Truck,Diesel,Commercial
KA05-3714-G01650,Auto,Electric,Commercial
UP32-7942-J01651,Bike,Petrol,Private
GJ01-4272-M01652,Bike,Petrol,Private
MH20-1553-J01653,Car,Diesel,Private
TN09-7525-A01654,Bus,Diesel,Commercial
GJ01-4046-M01655,Bus,Diesel,Commercial
TN09-7094-E01656,Car,CNG,Private
MH12-6388-G01657,Car,Diesel,Private
MH14-7317-K01658,Truck,Diesel,Commercial
MH14-5555-C01659,Bike,Petrol,Private
GJ01-6206-L01660,Auto,Petrol,Commercial
UP32-9169-B01661,Car,Electric,Private
MH20-6355-N01662,Car,Petrol,Private
MH12-8565-K01663,Car,Petrol,Commercial
MH12-6527-A01664,Car,Petrol,Private
KA05-5500-L01665,Bus,Diesel,Commercial
TN09-9090-B01666,Bike,Petrol,Private
MH14-7126-D01667,Bike,Petrol,Private
MH14-6289-P01668,Car,Petrol,Private
TN09-9807-A01669,Auto,Electric,Commercial
KA05-1705-D01670,Truck,Diesel,Commercial
KA05-6395-N01671,Car,Petrol,Private
UP32-2964-E01672,Car,Petrol,Private
GJ01-8320-D01673,Bike,Petrol,Private
UP32-5596-L01674,Bike,Petrol,Private
KA05-2356-M01675,Car,Diesel,Commercial
DL08-2278-C01676,Bike,Electric,Private
DL08-8670-N01677,Car,Petrol,Private
TN09-6108-Q01678,Car,Diesel,Private
MH20-4584-M01679,Car,Petrol,Private
DL08-7556-G01680,Bike,Petrol,Private
MH14-3413-Q01681,Auto,CNG,Commercial
DL08-1271-Q01682,Auto,Petrol,Commercial
UP32-6766-J01683,Car,Petrol,Private
DL08-3467-N01684,Bike,Petrol,Private
KA05-7058-D01685,Car,Petrol,Private
DL08-5816-G01686,Taxi,Petrol,Commercial
UP32-9497-P01687,Bike,Petrol,Private
MH14-4597-D01688,Car,Petrol,Private
MH14-9718-D01689,Car,Petrol,Commercial
GJ01-7421-N01690,Auto,Petrol,Commercial
KA05-9112-G01691,Auto,Petrol,Commercial
KA05-5718-A01692,Car,Petrol,Private
UP32-6002-H01693,Auto,Petrol,Commercial
MH20-4069-L01694,Auto,CNG,Commercial
MH12-8775-P01695,Car,Petrol,Private
MH14-3797-A01696,Car,Diesel,Commercial
UP32-5055-R01697,Bike,Petrol,Private
KA05-4740-F01698,Bike,Petrol,Private
TN09-8415-R01699,Car,CNG,Commercial
UP32-5153-M01700,Car,Diesel,Private
TN09-9484-R01701,Car,Petrol,Private
MH12-3423-P01702,Auto,CNG,Commercial
MH20-6852-R01703,Bike,Petrol,Private
GJ01-6888-G01704,Auto,CNG,Commercial
GJ01-2768-J01705,Car,CNG,Private
UP32-9632-F01706,Truck,Diesel,Commercial
TN09-7406-P01707,Auto,Electric,Commercial
DL08-1673-L01708,Car,CNG,Private
TN09-5725-D01709,Auto,Electric,Commercial
MH20-8640-E01710,Bike,Petrol,Private
MH20-5974-R01711,Bike,Petrol,Private
MH12-4560-K01712,Car,CNG,Private
MH12-8050-M01713,Bike,Petrol,Private
TN09-5641-E01714,Car,Electric,Private
DL08-8078-C01715,Car,Petrol,Private
DL08-7328-P01716,Taxi,Petrol,Commercial
KA05-5948-K01717,Truck,Diesel,Commercial
TN09-3280-G01718,Bike,Petrol,Private
KA05-2402-K01719,Car,Diesel,Private
GJ01-8158-D01720,Bike,Petrol,Private
TN09-8673-M01721,Car,Petrol,Private
MH12-1432-P01722,Bike,Petrol,Private
DL08-9391-M01723,Truck,Diesel,Commercial
KA05-1877-N01724,Bike,Petrol,Private
UP32-1890-C01725,Bike,Petrol,Private
TN09-2595-K01726,Bike,Petrol,Private
MH14-9369-B01727,Truck,Diesel,Commercial
UP32-3234-H01728,Bike,Electric,Private
KA05-1105-R01729,Car,Diesel,Private
MH20-2983-D01730,Car,Petrol,Private
UP32-7401-B01731,Car,Electric,Private
MH20-4849-J01732,Bike,Petrol,Private
MH14-8083-E01733,Truck,Diesel,Commercial
DL08-3797-G01734,Car,Diesel,Private
UP32-7018-J01735,Auto,Petrol,Commercial
MH14-8601-P01736,Auto,CNG,Commercial
KA05-8488-D01737,Car,Diesel,Private
UP32-1698-M01738,Car,Electric,Private
KA05-1149-F01739,Auto,Petrol,Commercial
DL08-6715-N01740,Truck,Diesel,Commercial
MH20-6764-L01741,Car,Diesel,Commercial
KA05-7454-C01742,Car,Electric,Private
UP32-3955-J01743,Bike,Petrol,Private
TN09-7615-C01744,Taxi,Petrol,Commercial
MH20-4796-D01745,Truck,Diesel,Commercial
UP32-6302-H01746,Bike,Electric,Private
DL08-2727-F01747,Auto,CNG,Commercial
GJ01-2054-B01748,Bike,Petrol,Private
MH14-8234-M01749,Bus,Diesel,Commercial
MH20-6261-D01750,Bus,Diesel,Commercial
DL08-4206-J01751,Bike,Petrol,Private
MH20-8111-G01752,Car,Petrol,Private
MH14-4334-B01753,Taxi,CNG,Commercial
TN09-7685-C01754,Truck,Diesel,Commercial
UP32-4115-G01755,Auto,Diesel,Commercial
TN09-6840-E01756,Bike,Petrol,Private
MH14-2280-E01757,Bike,Petrol,Private
DL08-1843-L01758,Car,Petrol,Private
KA05-7396-M01759,Car,Petrol,Commercial
MH14-9755-H01760,Taxi,CNG,Commercial
KA05-7540-B01761,Taxi,Diesel,Commercial
UP32-5309-A01762,Truck,Diesel,Commercial
DL08-6481-B01763,Bike,Petrol,Private
MH12-4860-R01764,Auto,Petrol,Commercial
MH12-6666-C01765,Taxi,Electric,Commercial
MH14-8844-E01766,Bike,Petrol,Private
DL08-6738-P01767,Car,Diesel,Private
DL08-1351-B01768,Truck,Diesel,Commercial
DL08-9752-N01769,Auto,Diesel,Commercial
UP32-1854-N01770,Auto,CNG,Commercial
GJ01-7993-E01771,Auto,Petrol,Commercial
TN09-6763-G01772,Car,Petrol,Commercial
MH14-1164-H01773,Car,Petrol,Private
MH12-1244-H01774,Bus,CNG,Commercial
MH20-8185-F01775,Car,Petrol,Private
DL08-5790-E01776,Bike,Petrol,Private
MH14-2251-J01777,Car,Electric,Private
TN09-4609-Q01778,Auto,CNG,Commercial
KA05-5001-J01779,Taxi,Petrol,Commercial
MH14-1884-M01780,Bike,Electric,Private
KA05-2285-G01781,Bike,Electric,Private
KA05-4453-D01782,Bike,Petrol,Private
DL08-8213-Q01783,Car,Electric,Private
KA05-5554-N01784,Bus,Diesel,Commercial
MH12-5572-N01785,Taxi,Diesel,Commercial
GJ01-8274-B01786,Truck,Diesel,Commercial
GJ01-9724-B01787,Bike,Petrol,Private
MH12-6508-J01788,Auto,CNG,Commercial
MH12-6586-P01789,Bike,Electric,Private
MH12-2789-N01790,Taxi,Electric,Commercial
KA05-9761-Q01791,Taxi,Petrol,Commercial
KA05-3663-N01792,Auto,Diesel,Commercial
DL08-3160-A01793,Taxi,Petrol,Commercial
KA05-2401-H01794,Auto,CNG,Commercial
GJ01-1632-J01795,Car,Petrol,Private
MH12-3036-K01796,Auto,Diesel,Commercial
KA05-3929-Q01797,Car,Diesel,Private
TN09-8867-G01798,Bike,Petrol,Private
TN09-2049-Q01799,Car,Petrol,Private
UP32-3084-H01800,Car,Diesel,Private
MH12-4812-D01801,Bike,Petrol,Private
UP32-6199-B01802,Bike,Petrol,Private
KA05-5217-A01803,Taxi,Diesel,Commercial
TN09-9854-B01804,Truck,Diesel,Commercial
MH14-9305-Q01805,Bike,Petrol,Private
TN09-7815-C01806,Car,Diesel,Commercial
TN09-6902-L01807,Car,Electric,Commercial
KA05-1510-F01808,Bike,Petrol,Private
MH12-2740-G01809,Car,CNG,Private
TN09-4520-N01810,Auto,CNG,Commercial
MH20-7243-C01811,Car,Electric,Commercial
GJ01-9830-D01812,Taxi,CNG,Commercial
MH12-8738-Q01813,Bike,Petrol,Private
DL08-6385-H01814,Bike,Petrol,Commercial
TN09-2890-H01815,Car,Petrol,Commercial
MH14-6766-C01816,Bike,Electric,Private
UP32-7862-H01817,Bike,Petrol,Private
DL08-7678-E01818,Car,Diesel,Private
MH14-2335-P01819,Bike,Petrol,Commercial
DL08-3947-Q01820,Bike,Petrol,Private
UP32-2654-E01821,Car,CNG,Private
MH20-2196-E01822,Car,Diesel,Private
GJ01-6805-E01823,Bike,Petrol,Private
MH14-6518-L01824,Auto,Diesel,Commercial
MH12-2208-M01825,Bike,Electric,Commercial
GJ01-5739-R01826,Bike,Petrol,Private
MH14-3494-A01827,Auto,Diesel,Commercial
UP32-7215-L01828,Bike,Petrol,Private
MH14-4805-K01829,Bike,Petrol,Private
GJ01-5673-L01830,Bike,Petrol,Private
MH12-4451-P01831,Taxi,Diesel,Commercial
TN09-2629-M01832,Bike,Petrol,Private
UP32-4664-F01833,Car,Petrol,Commercial
MH14-4795-J01834,Taxi,Petrol,Commercial
MH20-1448-B01835,Car,Electric,Private
MH12-9001-A01836,Auto,Petrol,Commercial
GJ01-8288-E01837,Car,CNG,Private
MH14-8281-P01838,Car,Diesel,Private
KA05-2908-M01839,Car,CNG,Private
MH14-6359-F01840,Car,Diesel,Private
MH14-6157-B01841,Bike,Petrol,Commercial
TN09-4119-B01842,Auto,Electric,Commercial
DL08-3242-N01843,Bike,Electric,Private
UP32-3481-R01844,Car,CNG,Private
DL08-2453-G01845,Car,Petrol,Private
DL08-3918-B01846,Bike,Petrol,Private
DL08-6713-R01847,Bike,Petrol,Commercial
DL08-5786-R01848,Truck,Diesel,Commercial
TN09-9903-R01849,Bike,Petrol,Private
KA05-7874-Q01850,Taxi,Petrol,Commercial
MH14-3886-Q01851,Auto,Electric,Commercial
TN09-7522-E01852,Auto,CNG,Commercial
UP32-7750-H01853,Bike,Petrol,Private
GJ01-1996-L01854,Car,Petrol,Private
UP32-7966-N01855,Bike,Petrol,Private
DL08-6567-B01856,Bike,Petrol,Private
MH20-9782-G01857,Bike,Petrol,Private
TN09-3117-A01858,Taxi,Electric,Commercial
GJ01-2478-L01859,Car,Electric,Private
MH12-9497-G01860,Bike,Petrol,Private
GJ01-4757-K01861,Car,CNG,Commercial
DL08-5074-A01862,Car,Petrol,Private
MH14-9216-N01863,Taxi,CNG,Commercial
KA05-5939-A01864,Car,Petrol,Private
KA05-3025-N01865,Car,Diesel,Private
KA05-2391-C01866,Auto,Petrol,Commercial
GJ01-1330-A01867,Auto,CNG,Commercial
MH20-2565-N01868,Bike,Petrol,Private
TN09-7965-A01869,Car,Petrol,Private
UP32-7169-K01870,Car,Petrol,Private
KA05-8919-K01871,Bike,Electric,Private
MH12-9143-N01872,Car,Electric,Private
UP32-4671-A01873,Auto,Petrol,Commercial
TN09-8811-D01874,Car,Diesel,Private
MH14-2562-F01875,Bus,Diesel,Commercial
DL08-2374-E01876,Taxi,Petrol,Commercial
DL08-1965-R01877,Bus,Diesel,Commercial
TN09-3467-B01878,Car,Petrol,Private
MH12-5393-G01879,Bike,Petrol,Private
TN09-4862-L01880,Bike,Petrol,Private
MH14-2721-P01881,Bike,Petrol,Private
MH20-9518-D01882,Auto,Petrol,Commercial
MH14-1639-P01883,Bike,Petrol,Private
MH20-9963-P01884,Bike,Petrol,Private
KA05-5441-L01885,Bike,Petrol,Private
MH20-5754-G01886,Bike,Petrol,Commercial
KA05-8735-Q01887,Bike,Petrol,Private
MH20-3690-R01888,Auto,Petrol,Commercial
MH20-8708-C01889,Bike,Electric,Private
DL08-2537-Q01890,Auto,Petrol,Commercial
UP32-3563-C01891,Car,Petrol,Private
MH12-4156-J01892,Car,Petrol,Commercial
KA05-7017-N01893,Bike,Electric,Private
DL08-2269-E01894,Bike,Petrol,Private
MH14-3075-N01895,Car,Petrol,Private
KA05-8756-G01896,Bike,Petrol,Private
MH14-3400-E01897,Taxi,Petrol,Commercial
TN09-2274-B01898,Truck,Diesel,Commercial
GJ01-8728-L01899,Bus,Diesel,Commercial
DL08-7442-N01900,Auto,CNG,Commercial
TN09-6107-L01901,Auto,Diesel,Commercial
DL08-3721-J01902,Truck,Diesel,Commercial
UP32-9029-J01903,Bus,Diesel,Commercial
GJ01-6704-F01904,Bike,Petrol,Private
TN09-7948-G01905,Bike,Petrol,Commercial
DL08-7266-M01906,Taxi,Petrol,Commercial
MH12-4208-Q01907,Auto,Petrol,Commercial
KA05-6381-D01908,Car,Electric,Commercial
MH12-5473-B01909,Bike,Petrol,Private
KA05-5492-B01910,Bike,Electric,Private
UP32-8446-R01911,Truck,Diesel,Commercial
MH14-1625-M01912,Auto,Petrol,Commercial
MH20-3898-E01913,Truck,Diesel,Commercial
MH14-1918-Q01914,Bus,Diesel,Commercial
MH14-9914-J01915,Car,Electric,Private
MH12-6450-L01916,Bike,Electric,Private
TN09-9459-A01917,Taxi,Electric,Commercial
MH12-2064-G01918,Bike,Petrol,Private
MH14-3827-Q01919,Auto,Petrol,Commercial
GJ01-3833-A01920,Bike,Petrol,Private
UP32-2410-Q01921,Car,Petrol,Commercial
MH14-4041-L01922,Car,Diesel,Commercial
MH12-4563-M01923,Auto,Diesel,Commercial
DL08-6042-G01924,Truck,Diesel,Commercial
KA05-1873-N01925,Auto,CNG,Commercial
MH20-6169-P01926,Car,Petrol,Private
MH20-5832-J01927,Truck,Diesel,Commercial
UP32-6818-M01928,Car,Petrol,Private
MH20-1601-N01929,Bike,Petrol,Private
GJ01-6683-K01930,Taxi,Petrol,Commercial
KA05-2486-G01931,Auto,Petrol,Commercial
MH12-2889-F01932,Bike,Petrol,Private
GJ01-1554-L01933,Car,CNG,Private
MH12-3600-P01934,Truck,Diesel,Commercial
MH14-4065-M01935,Car,Petrol,Private
MH12-8192-Q01936,Car,Diesel,Private
UP32-4990-J01937,Auto,CNG,Commercial
UP32-7572-K01938,Bike,Petrol,Commercial
MH14-7897-P01939,Car,CNG,Commercial
MH12-3687-F01940,Bike,Electric,Commercial
DL08-3286-E01941,Taxi,Diesel,Commercial
MH12-2481-K01942,Auto,CNG,Commercial
TN09-8515-N01943,Car,Petrol,Private
MH20-5936-K01944,Car,Petrol,Private
MH14-5009-E01945,Car,Diesel,Private
UP32-3610-M01946,Bike,Petrol,Private
DL08-8738-N01947,Bike,Petrol,Private
MH14-7350-E01948,Auto,Petrol,Commercial
GJ01-6359-K01949,Taxi,CNG,Commercial
GJ01-7452-C01950,Auto,Petrol,Commercial
MH12-4632-F01951,Auto,CNG,Commercial
TN09-9215-A01952,Bike,Petrol,Private
DL08-3262-R01953,Truck,Diesel,Commercial
GJ01-2521-L01954,Car,Petrol,Private
KA05-7337-R01955,Car,Petrol,Commercial
MH20-7524-D01956,Bike,Petrol,Private
MH14-7626-A01957,Auto,Petrol,Commercial
GJ01-8449-A01958,Car,Diesel,Commercial
MH12-5963-P01959,Bike,Petrol,Private
UP32-9225-M01960,Bike,Petrol,Private
TN09-2829-F01961,Bus,CNG,Commercial
GJ01-2310-E01962,Bike,Petrol,Commercial
KA05-4237-Q01963,Auto,Petrol,Commercial
MH12-2991-R01964,Bike,Petrol,Private
TN09-5134-P01965,Bike,Petrol,Private
KA05-3928-K01966,Bus,Diesel,Commercial
TN09-5877-B01967,Car,Diesel,Private
GJ01-5073-F01968,Car,Petrol,Private
UP32-8063-J01969,Auto,Petrol,Commercial
DL08-9577-Q01970,Bike,Petrol,Private
MH14-7257-C01971,Car,Petrol,Private
GJ01-1366-F01972,Car,Electric,Private
MH14-8101-D01973,Bike,Petrol,Private
DL08-1800-M01974,Taxi,Diesel,Commercial
GJ01-5502-F01975,Car,Petrol,Private
MH20-5668-J01976,Bike,Petrol,Private
MH20-5501-J01977,Auto,Diesel,Commercial
TN09-2591-H01978,Auto,Petrol,Commercial
DL08-2044-K01979,Auto,CNG,Commercial
UP32-7893-L01980,Bike,Petrol,Private
TN09-6580-L01981,Bike,Petrol,Private
UP32-4451-F01982,Bike,Petrol,Private
MH14-8971-M01983,Car,Petrol,Private
KA05-5781-L01984,Bike,Petrol,Private
MH20-6761-P01985,Car,Petrol,Private
KA05-9040-H01986,Auto,Petrol,Commercial
GJ01-3023-D01987,Bike,Petrol,Private
KA05-3926-F01988,Car,CNG,Commercial
GJ01-6767-G01989,Taxi,Petrol,Commercial
TN09-6950-D01990,Bike,Petrol,Private
TN09-9229-N01991,Bike,Petrol,Private
KA05-8363-F01992,Auto,Electric,Commercial
KA05-1054-L01993,Car,CNG,Private
MH14-7280-P01994,Auto,Electric,Commercial
MH12-4673-E01995,Bike,Petrol,Private
GJ01-1374-L01996,Car,Diesel,Private
MH14-7066-A01997,Bike,Petrol,Commercial
DL08-3644-Q01998,Bike,Petrol,Commercial
DL08-6287-E01999,Car,Petrol,Commercial
UP32-8523-H02000,Car,Diesel,Private
MH20-8559-D02001,Car,CNG,Private
MH20-5011-Q02002,Truck,Diesel,Commercial
MH12-7657-R02003,Car,CNG,Private
KA05-9803-D02004,Bike,Petrol,Private
MH12-8184-R02005,Taxi,CNG,Commercial
GJ01-1653-M02006,Car,Petrol,Commercial
UP32-8021-D02007,Bike,Petrol,Private
MH14-3768-M02008,Auto,Petrol,Commercial
DL08-8906-G02009,Car,Petrol,Private
UP32-9053-H02010,Auto,CNG,Commercial
UP32-6417-Q02011,Bike,Petrol,Private
MH20-3425-K02012,Bike,Petrol,Commercial
KA05-6024-F02013,Bike,Petrol,Private
KA05-3530-E02014,Auto,Petrol,Commercial
GJ01-5215-H02015,Car,Petrol,Private
MH12-5250-M02016,Car,CNG,Private
GJ01-8814-F02017,Taxi,Electric,Commercial
TN09-9574-M02018,Bike,Petrol,Commercial
UP32-3873-R02019,Bike,Electric,Private
TN09-4683-K02020,Taxi,Petrol,Commercial
MH14-4226-M02021,Car,Diesel,Private
MH12-9587-H02022,Bike,Petrol,Private
MH14-6398-C02023,Car,Petrol,Commercial
MH14-1917-Q02024,Bus,Diesel,Commercial
KA05-3993-H02025,Car,Petrol,Private
KA05-5546-C02026,Car,CNG,Private
MH20-9561-K02027,Truck,Diesel,Commercial
UP32-8606-D02028,Car,Diesel,Private
MH14-4218-R02029,Car,Petrol,Private
DL08-8982-K02030,Car,Diesel,Private
MH14-8252-G02031,Truck,Diesel,Commercial
UP32-1008-J02032,Bike,Petrol,Private
MH20-6384-R02033,Bike,Petrol,Commercial
DL08-6589-J02034,Car,Diesel,Private
MH14-3984-R02035,Bike,Petrol,Commercial
UP32-3672-F02036,Bike,Petrol,Private
UP32-6610-F02037,Car,Petrol,Private
KA05-9221-K02038,Car,Petrol,Private
KA05-4445-E02039,Car,Petrol,Private
MH20-3587-F02040,Bike,Petrol,Private
GJ01-5413-H02041,Bike,Electric,Private
KA05-7075-E02042,Truck,Diesel,Commercial
TN09-8368-K02043,Auto,Petrol,Commercial
GJ01-1092-N02044,Bike,Petrol,Private
MH20-8485-J02045,Bike,Petrol,Private
KA05-5829-M02046,Car,Petrol,Private
DL08-4522-Q02047,Bike,Electric,Private
TN09-8859-R02048,Car,Electric,Commercial
GJ01-8979-H02049,Auto,Petrol,Commercial
GJ01-1971-D02050,Bike,Petrol,Private
UP32-5656-D02051,Bike,Petrol,Commercial
GJ01-3486-E02052,Car,Diesel,Private
UP32-5017-L02053,Bike,Petrol,Private
KA05-1358-E02054,Car,CNG,Private
TN09-6918-Q02055,Auto,CNG,Commercial
TN09-8673-H02056,Car,Diesel,Private
KA05-5183-A02057,Auto,Petrol,Commercial
GJ01-7493-R02058,Bike,Petrol,Private
TN09-1265-P02059,Car,Electric,Commercial
TN09-9827-R02060,Truck,Diesel,Commercial
MH14-2237-C02061,Car,Electric,Private
MH14-8675-G02062,Bike,Petrol,Private
KA05-8630-Q02063,Bike,Electric,Commercial
TN09-2196-F02064,Car,Diesel,Private
GJ01-1351-N02065,Bike,Petrol,Private
MH12-1139-H02066,Bus,Diesel,Commercial
DL08-6351-Q02067,Car,Diesel,Private
TN09-3500-G02068,Bus,Diesel,Commercial
MH20-2653-A02069,Car,Diesel,Commercial
MH20-9848-M02070,Car,Electric,Private
DL08-4421-G02071,Car,Petrol,Private
DL08-6821-A02072,Car,Petrol,Commercial
GJ01-1416-Q02073,Bike,Electric,Commercial
MH12-8320-Q02074,Car,Petrol,Private
MH14-2521-F02075,Bike,Petrol,Private
MH20-4434-D02076,Bike,Electric,Private
TN09-7801-G02077,Bike,Petrol,Private
UP32-5182-D02078,Bike,Electric,Private
GJ01-7558-D02079,Bike,Petrol,Commercial
GJ01-5926-H02080,Bus,CNG,Commercial
GJ01-8722-A02081,Car,Electric,Private
TN09-1743-E02082,Bike,Petrol,Private
MH20-3297-R02083,Car,CNG,Private
KA05-7089-P02084,Bus,CNG,Commercial
MH20-9496-E02085,Bike,Petrol,Private
MH14-3660-A02086,Car,Diesel,Private
KA05-6260-A02087,Bike,Petrol,Private
MH12-3364-P02088,Truck,Diesel,Commercial
MH20-3591-D02089,Bike,Petrol,Commercial
MH14-2841-R02090,Car,Diesel,Private
UP32-3202-A02091,Truck,Diesel,Commercial
KA05-3100-L02092,Bike,Petrol,Private
MH14-8828-R02093,Bike,Petrol,Commercial
DL08-9433-E02094,Car,CNG,Private
MH14-7616-K02095,Bike,Electric,Private
MH20-5933-L02096,Car,CNG,Private
KA05-3157-L02097,Bike,Petrol,Private
MH12-7308-B02098,Bike,Petrol,Commercial
MH12-4896-F02099,Car,Petrol,Private
TN09-4076-N02100,Bike,Petrol,Private
UP32-2930-J02101,Bike,Petrol,Private
MH20-5182-L02102,Car,CNG,Private
MH14-6609-J02103,Bike,Petrol,Private
MH20-2549-H02104,Bike,Electric,Private
KA05-3069-M02105,Car,Petrol,Private
MH14-9269-F02106,Taxi,Petrol,Commercial
DL08-3321-H02107,Taxi,CNG,Commercial
TN09-9611-E02108,Car,Diesel,Private
TN09-9838-H02109,Car,Diesel,Commercial
MH20-2640-F02110,Car,Diesel,Commercial
MH20-9860-P02111,Car,CNG,Private
GJ01-5857-N02112,Taxi,Electric,Commercial
UP32-8667-L02113,Taxi,Petrol,Commercial
MH12-2226-J02114,Taxi,CNG,Commercial
DL08-2094-B02115,Auto,CNG,Commercial
UP32-3625-H02116,Car,Petrol,Private
DL08-5072-M02117,Bike,Petrol,Commercial
GJ01-3022-E02118,Car,Petrol,Private
TN09-1176-D02119,Car,Diesel,Private
UP32-4804-Q02120,Auto,Petrol,Commercial
UP32-3517-C02121,Car,CNG,Private
KA05-1671-N02122,Auto,CNG,Commercial
UP32-7978-F02123,Car,CNG,Private
KA05-4680-D02124,Auto,Petrol,Commercial
TN09-4953-R02125,Auto,CNG,Commercial
GJ01-1928-D02126,Taxi,CNG,Commercial
KA05-5123-L02127,Car,Petrol,Private
MH14-1211-D02128,Taxi,CNG,Commercial
UP32-4627-P02129,Bike,Petrol,Private
UP32-7157-N02130,Auto,Petrol,Commercial
MH14-2555-D02131,Car,Electric,Private
GJ01-7451-B02132,Bike,Petrol,Private
MH12-7532-P02133,Truck,Diesel,Commercial
MH20-1395-L02134,Car,Petrol,Commercial
UP32-5153-M02135,Bus,CNG,Commercial
DL08-5532-Q02136,Bike,Petrol,Private
KA05-3631-G02137,Auto,Diesel,Commercial
TN09-7575-M02138,Truck,Diesel,Commercial
UP32-2456-L02139,Car,Petrol,Private
DL08-6186-K02140,Bus,Diesel,Commercial
GJ01-6126-R02141,Auto,Diesel,Commercial
DL08-5336-R02142,Auto,Petrol,Commercial
TN09-3608-F02143,Bus,Diesel,Commercial
KA05-9292-K02144,Car,CNG,Private
MH14-4254-C02145,Bike,Petrol,Private
GJ01-5315-E02146,Truck,Diesel,Commercial
GJ01-3179-N02147,Bike,Petrol,Commercial
KA05-2346-L02148,Bus,CNG,Commercial
MH12-5028-E02149,Bike,Petrol,Private
DL08-5019-H02150,Bike,Petrol,Private
KA05-4992-A02151,Car,CNG,Private
DL08-7755-F02152,Bike,Petrol,Private
GJ01-5284-M02153,Bike,Petrol,Private
DL08-6245-M02154,Bike,Petrol,Private
DL08-9819-E02155,Car,Petrol,Commercial
UP32-9771-L02156,Taxi,Petrol,Commercial
DL08-6707-H02157,Bus,Diesel,Commercial
MH12-8540-Q02158,Bike,Petrol,Private
MH20-1362-Q02159,Taxi,Diesel,Commercial
TN09-8809-E02160,Car,Petrol,Private
KA05-5128-A02161,Taxi,CNG,Commercial
MH20-7492-G02162,Bike,Petrol,Private
KA05-6415-H02163,Auto,Diesel,Commercial
GJ01-3363-L02164,Truck,CNG,Commercial
MH12-6871-D02165,Taxi,CNG,Commercial
MH14-9679-P02166,Car,CNG,Private
MH20-3969-A02167,Car,Diesel,Private
MH14-2542-N02168,Car,Diesel,Commercial
GJ01-7247-R02169,Bike,Petrol,Private
TN09-3906-P02170,Car,CNG,Private
GJ01-4286-H02171,Car,Petrol,Private
UP32-2540-J02172,Car,Petrol,Private
MH12-7113-D02173,Taxi,Petrol,Commercial
MH12-1076-L02174,Taxi,Petrol,Commercial
TN09-2136-F02175,Car,Petrol,Private
DL08-6656-D02176,Car,CNG,Commercial
MH20-8220-F02177,Bike,Petrol,Private
MH12-9807-D02178,Bike,Petrol,Private
TN09-3955-F02179,Car,Electric,Private
TN09-8449-N02180,Bike,Petrol,Commercial
MH14-6543-H02181,Auto,Petrol,Commercial
UP32-4085-N02182,Car,Petrol,Private
UP32-2618-C02183,Taxi,Diesel,Commercial
GJ01-9951-G02184,Car,Petrol,Private
KA05-7984-N02185,Auto,Petrol,Commercial
MH12-9048-D02186,Car,Petrol,Private
UP32-5705-B02187,Bike,Petrol,Private
KA05-9893-F02188,Taxi,Diesel,Commercial
MH12-1773-K02189,Auto,Petrol,Commercial
MH12-8107-F02190,Bike,Petrol,Private
DL08-2616-Q02191,Car,Electric,Commercial
MH14-4335-R02192,Auto,Petrol,Commercial
MH12-1741-N02193,Bike,Petrol,Private
MH12-4938-L02194,Taxi,Electric,Commercial
DL08-7091-N02195,Taxi,Petrol,Commercial
DL08-5230-P02196,Car,Diesel,Private
KA05-4356-J02197,Truck,Diesel,Commercial
GJ01-7178-J02198,Car,CNG,Private
KA05-1170-N02199,Auto,Petrol,Commercial
MH20-4653-C02200,Auto,Diesel,Commercial
UP32-2089-F02201,Car,Diesel,Private
GJ01-5666-K02202,Auto,Petrol,Commercial
MH14-2956-N02203,Bike,Petrol,Commercial
UP32-4289-E02204,Taxi,Diesel,Commercial
UP32-2791-D02205,Car,Petrol,Private
MH14-4960-P02206,Car,Diesel,Private
MH12-9251-G02207,Car,CNG,Private
MH12-3502-L02208,Car,CNG,Private
UP32-4287-B02209,Car,Petrol,Private
MH14-4690-F02210,Car,Diesel,Private
MH12-8217-C02211,Auto,CNG,Commercial
KA05-3639-E02212,Bike,Petrol,Private
MH14-7716-A02213,Car,Diesel,Private
TN09-1629-E02214,Taxi,Electric,Commercial
MH12-7245-A02215,Auto,Diesel,Commercial
MH14-4678-B02216,Bus,Diesel,Commercial
UP32-7325-K02217,Car,Diesel,Private
DL08-9037-J02218,Truck,Diesel,Commercial
UP32-8850-E02219,Taxi,Diesel,Commercial
DL08-3365-K02220,Truck,Diesel,Commercial
GJ01-5214-F02221,Car,Petrol,Private
MH20-1697-Q02222,Bus,Diesel,Commercial
DL08-7590-E02223,Truck,CNG,Commercial
GJ01-7899-P02224,Bike,Petrol,Private
UP32-6956-L02225,Taxi,Petrol,Commercial
DL08-5030-G02226,Bike,Petrol,Private
TN09-8591-P02227,Taxi,Petrol,Commercial
GJ01-3315-R02228,Car,Petrol,Private
GJ01-1833-G02229,Car,Petrol,Private
GJ01-9478-P02230,Car,Petrol,Private
GJ01-3823-J02231,Auto,Electric,Commercial
MH20-7584-G02232,Auto,Petrol,Commercial
DL08-3139-R02233,Car,Petrol,Commercial
MH12-2590-C02234,Bike,Petrol,Private
MH12-6431-C02235,Truck,Diesel,Commercial
DL08-3467-G02236,Truck,Diesel,Commercial
TN09-8317-R02237,Car,Petrol,Private
MH20-3490-F02238,Car,Petrol,Private
MH20-8693-J02239,Bike,Petrol,Commercial
MH20-8289-D02240,Taxi,CNG,Commercial
GJ01-8746-N02241,Car,Diesel,Private
TN09-8224-F02242,Bike,Petrol,Private
TN09-6566-C02243,Bike,Electric,Private
KA05-7449-E02244,Car,Petrol,Commercial
DL08-6254-K02245,Taxi,CNG,Commercial
MH14-6811-R02246,Taxi,Petrol,Commercial
GJ01-3769-M02247,Truck,CNG,Commercial
KA05-9526-A02248,Car,Diesel,Commercial
DL08-6023-J02249,Car,Petrol,Private
UP32-2314-L02250,Car,Diesel,Private
MH12-1314-K02251,Taxi,Petrol,Commercial
GJ01-7363-B02252,Truck,Diesel,Commercial
GJ01-6499-M02253,Car,CNG,Commercial
GJ01-6605-E02254,Auto,Electric,Commercial
DL08-9008-K02255,Auto,Petrol,Commercial
MH14-6220-D02256,Truck,Diesel,Commercial
MH14-4980-C02257,Car,Petrol,Private
DL08-2431-C02258,Bike,Petrol,Private
MH14-3559-Q02259,Bus,Diesel,Commercial
MH14-2998-B02260,Car,CNG,Private
MH14-4040-C02261,Auto,CNG,Commercial
GJ01-4818-G02262,Car,Petrol,Private
DL08-8799-G02263,Car,CNG,Private
UP32-5719-B02264,Auto,Petrol,Commercial
MH14-3881-G02265,Bike,Petrol,Commercial
DL08-3031-C02266,Bike,Petrol,Private
DL08-3661-N02267,Auto,Diesel,Commercial
GJ01-9301-K02268,Bike,Petrol,Private
DL08-9692-A02269,Bike,Petrol,Commercial
MH20-2059-B02270,Car,Petrol,Private
GJ01-2309-Q02271,Auto,Petrol,Commercial
MH14-6216-M02272,Auto,Diesel,Commercial
MH14-5299-L02273,Bike,Petrol,Private
UP32-5919-R02274,Bike,Petrol,Commercial
MH20-1699-M02275,Car,Petrol,Commercial
GJ01-8596-Q02276,Car,Diesel,Private
GJ01-1401-E02277,Auto,CNG,Commercial
MH20-7544-M02278,Bike,Petrol,Private
MH20-3474-F02279,Auto,Petrol,Commercial
UP32-3455-J02280,Car,Petrol,Private
KA05-5549-H02281,Bike,Petrol,Private
GJ01-3618-R02282,Bike,Electric,Private
MH14-6296-R02283,Taxi,Diesel,Commercial
UP32-4545-P02284,Car,Diesel,Commercial
TN09-6089-P02285,Bike,Petrol,Private
TN09-7117-E02286,Bike,Petrol,Commercial
UP32-7062-P02287,Car,Petrol,Commercial
TN09-8801-J02288,Auto,Diesel,Commercial
TN09-4184-E02289,Bike,Electric,Private
DL08-4883-H02290,Bike,Petrol,Private
MH14-7293-E02291,Car,Diesel,Private
KA05-2096-Q02292,Bike,Petrol,Private
MH20-6960-B02293,Auto,Diesel,Commercial
MH12-6361-M02294,Car,CNG,Private
KA05-6243-R02295,Car,Electric,Private
DL08-2972-K02296,Bike,Petrol,Private
KA05-5066-N02297,Car,Petrol,Private
KA05-4346-E02298,Car,Petrol,Private
GJ01-2289-M02299,Bike,Petrol,Commercial
GJ01-3571-Q02300,Car,CNG,Private
KA05-4240-Q02301,Car,Petrol,Private
MH12-3030-B02302,Car,CNG,Private
TN09-7144-A02303,Bike,Petrol,Private
TN09-1565-K02304,Bike,Petrol,Private
MH12-3160-R02305,Car,Petrol,Private
MH20-4850-C02306,Car,CNG,Commercial
GJ01-6629-C02307,Car,Diesel,Private
GJ01-3539-C02308,Bike,Petrol,Private
KA05-4725-H02309,Car,Petrol,Private
DL08-8842-B02310,Car,Petrol,Private
MH20-9201-L02311,Taxi,Petrol,Commercial
GJ01-1315-K02312,Auto,Diesel,Commercial
GJ01-2113-B02313,Auto,Petrol,Commercial
DL08-9052-A02314,Car,Petrol,Private
MH20-7507-G02315,Truck,Diesel,Commercial
KA05-5352-M02316,Car,Diesel,Private
KA05-6480-G02317,Car,Petrol,Private
KA05-8399-A02318,Car,Petrol,Commercial
GJ01-4352-F02319,Auto,Petrol,Commercial
MH14-4368-G02320,Bike,Petrol,Private
DL08-5970-M02321,Car,Diesel,Private
KA05-4552-A02322,Car,Petrol,Private
TN09-4380-R02323,Car,Electric,Private
GJ01-3707-R02324,Car,Diesel,Private
DL08-2272-D02325,Auto,CNG,Commercial
MH12-1183-J02326,Truck,CNG,Commercial
GJ01-3613-D02327,Car,Petrol,Private
GJ01-7108-C02328,Car,Petrol,Private
MH12-2967-K02329,Car,Petrol,Private
DL08-2971-A02330,Taxi,CNG,Commercial
MH20-1235-D02331,Taxi,Petrol,Commercial
KA05-5424-A02332,Car,CNG,Private
MH20-4530-C02333,Auto,Petrol,Commercial
MH12-9149-P02334,Bike,Petrol,Private
MH12-2032-J02335,Taxi,CNG,Commercial
DL08-5379-A02336,Auto,Diesel,Commercial
DL08-4847-Q02337,Taxi,CNG,Commercial
MH12-8132-R02338,Taxi,CNG,Commercial
MH12-5694-M02339,Auto,Petrol,Commercial
UP32-9922-F02340,Bike,Petrol,Commercial
MH20-6254-M02341,Auto,Petrol,Commercial
TN09-8659-M02342,Bike,Petrol,Private
UP32-9884-P02343,Auto,Petrol,Commercial
KA05-3255-L02344,Bike,Electric,Private
MH20-1700-L02345,Bike,Petrol,Commercial
TN09-9850-F02346,Bike,Electric,Private
DL08-7493-C02347,Taxi,CNG,Commercial
MH12-9512-D02348,Truck,Diesel,Commercial
MH20-4715-L02349,Car,Diesel,Private
TN09-9985-N02350,Bus,Diesel,Commercial
DL08-6752-P02351,Bus,Diesel,Commercial
DL08-8432-E02352,Taxi,CNG,Commercial
DL08-1009-D02353,Truck,Diesel,Commercial
KA05-4962-N02354,Truck,Diesel,Commercial
MH14-4129-A02355,Car,Petrol,Private
MH14-2098-J02356,Car,Diesel,Private
GJ01-1173-K02357,Taxi,Petrol,Commercial
KA05-8020-R02358,Bike,Petrol,Private
MH12-9191-L02359,Auto,Petrol,Commercial
UP32-7287-D02360,Car,Petrol,Private
UP32-1447-N02361,Truck,Diesel,Commercial
MH14-8780-J02362,Bike,Petrol,Private
MH14-8449-N02363,Auto,CNG,Commercial
UP32-1562-L02364,Car,Petrol,Private
DL08-7727-D02365,Truck,Diesel,Commercial
MH12-9295-Q02366,Car,Petrol,Private
GJ01-9776-B02367,Car,Petrol,Private
MH20-8401-K02368,Bike,Electric,Private
GJ01-2796-E02369,Bike,Electric,Private
DL08-1093-N02370,Bike,Petrol,Private
GJ01-1718-K02371,Truck,Diesel,Commercial
UP32-4747-Q02372,Bike,Petrol,Commercial
MH20-3280-E02373,Car,CNG,Commercial
UP32-9128-M02374,Bike,Petrol,Private
TN09-9904-D02375,Auto,Petrol,Commercial
GJ01-7918-C02376,Car,Petrol,Private
TN09-8776-N02377,Taxi,Diesel,Commercial
MH20-2982-A02378,Car,Petrol,Private
UP32-9944-M02379,Auto,Diesel,Commercial
MH20-7770-D02380,Bike,Petrol,Private
MH20-7401-A02381,Car,Petrol,Private
KA05-9692-A02382,Car,Petrol,Private
DL08-8870-G02383,Car,Petrol,Private
MH14-3824-N02384,Bike,Petrol,Private
MH14-3393-E02385,Truck,CNG,Commercial
MH14-8826-C02386,Car,Diesel,Private
TN09-4692-J02387,Auto,Petrol,Commercial
MH12-6250-N02388,Auto,Petrol,Commercial
TN09-7402-Q02389,Auto,Diesel,Commercial
MH20-8853-P02390,Truck,Diesel,Commercial
MH20-4954-K02391,Auto,Diesel,Commercial
MH12-7837-C02392,Car,Diesel,Private
MH12-7054-J02393,Auto,Petrol,Commercial
TN09-5972-L02394,Bike,Electric,Commercial
UP32-7325-E02395,Bike,Petrol,Private
TN09-9728-C02396,Bike,Petrol,Private
KA05-9413-H02397,Car,Petrol,Commercial
DL08-6710-K02398,Truck,Diesel,Commercial
GJ01-5563-J02399,Car,Diesel,Private
MH20-5833-G02400,Car,Diesel,Private
TN09-4349-Q02401,Bike,Petrol,Private
KA05-5047-G02402,Auto,Diesel,Commercial
TN09-3999-R02403,Bike,Petrol,Private
UP32-9804-L02404,Auto,Petrol,Commercial
KA05-3038-N02405,Bike,Petrol,Commercial
DL08-5174-R02406,Car,Diesel,Commercial
KA05-9374-P02407,Bike,Petrol,Private
UP32-2770-R02408,Bike,Petrol,Private
MH14-6920-B02409,Car,Petrol,Private
KA05-3087-D02410,Car,Electric,Private
MH12-1161-D02411,Car,Petrol,Private
GJ01-4943-H02412,Car,Petrol,Private
TN09-4872-E02413,Auto,Petrol,Commercial
DL08-3815-N02414,Bike,Petrol,Private
MH14-5419-R02415,Taxi,Petrol,Commercial
GJ01-4620-H02416,Car,Diesel,Private
DL08-5578-D02417,Car,Petrol,Private
GJ01-8309-G02418,Bike,Petrol,Private
UP32-8250-E02419,Bike,Petrol,Private
GJ01-1377-J02420,Bike,Petrol,Private
TN09-6276-A02421,Bike,Petrol,Private
DL08-7110-E02422,Bus,Diesel,Commercial
GJ01-3758-N02423,Bike,Petrol,Private
DL08-5762-H02424,Bike,Petrol,Commercial
DL08-2059-Q02425,Taxi,CNG,Commercial
TN09-6890-N02426,Car,Petrol,Private
GJ01-2465-P02427,Bike,Petrol,Private
KA05-8840-F02428,Bike,Petrol,Commercial
DL08-1594-N02429,Bike,Petrol,Private
MH20-2513-B02430,Car,Petrol,Private
MH20-5803-E02431,Car,CNG,Private
DL08-7708-K02432,Truck,Diesel,Commercial
MH14-1854-F02433,Car,Petrol,Private
MH20-4870-A02434,Bike,Petrol,Private
MH14-2663-J02435,Auto,CNG,Commercial
MH14-8578-M02436,Car,CNG,Private
DL08-1143-L02437,Taxi,CNG,Commercial
MH12-9206-B02438,Auto,Petrol,Commercial
UP32-3554-E02439,Car,Petrol,Private
KA05-8576-H02440,Bike,Petrol,Private
MH20-1692-C02441,Auto,Electric,Commercial
KA05-8549-R02442,Car,Diesel,Private
GJ01-9602-Q02443,Bike,Electric,Commercial
GJ01-5119-P02444,Bike,Petrol,Commercial
MH12-4389-C02445,Car,Diesel,Private
GJ01-7268-N02446,Car,Petrol,Private
MH12-4531-P02447,Bike,Petrol,Private
MH20-5947-N02448,Bike,Petrol,Private
UP32-5143-R02449,Car,Petrol,Private
DL08-8590-E02450,Bike,Petrol,Private
MH14-5840-M02451,Taxi,Petrol,Commercial
GJ01-8100-C02452,Bike,Petrol,Private
UP32-1663-R02453,Bike,Petrol,Private
MH20-1181-D02454,Car,Petrol,Private
MH12-9347-G02455,Car,Diesel,Private
TN09-8541-M02456,Bike,Petrol,Private
MH14-8182-R02457,Car,Petrol,Private
MH14-3512-N02458,Auto,Petrol,Commercial
KA05-3358-E02459,Auto,CNG,Commercial
GJ01-5518-N02460,Car,Petrol,Private
MH20-4186-P02461,Car,Diesel,Private
MH20-7994-J02462,Bus,CNG,Commercial
MH14-3677-B02463,Car,Petrol,Private
UP32-3713-R02464,Car,Petrol,Private
TN09-7096-R02465,Bus,CNG,Commercial
TN09-6349-E02466,Car,Diesel,Private
KA05-5018-H02467,Bike,Petrol,Private
KA05-9173-N02468,Car,Petrol,Private
KA05-2744-E02469,Bus,Diesel,Commercial
DL08-5075-Q02470,Bus,CNG,Commercial
TN09-7760-N02471,Taxi,Petrol,Commercial
MH14-4973-F02472,Car,Diesel,Commercial
TN09-1932-P02473,Auto,Petrol,Commercial
GJ01-8752-A02474,Bike,Petrol,Private
UP32-9058-N02475,Car,Diesel,Private
KA05-4985-F02476,Bus,Diesel,Commercial
GJ01-2357-D02477,Bike,Petrol,Private
GJ01-9071-C02478,Car,Electric,Private
MH20-1841-A02479,Auto,Diesel,Commercial
KA05-7009-M02480,Car,Diesel,Private
KA05-6409-D02481,Car,Petrol,Private
MH12-4149-F02482,Taxi,CNG,Commercial
UP32-2761-J02483,Bus,Diesel,Commercial
MH14-5660-E02484,Bike,Petrol,Private
MH14-9133-H02485,Car,Diesel,Private
MH20-8744-Q02486,Truck,Diesel,Commercial
KA05-7571-P02487,Bike,Petrol,Private
KA05-6351-G02488,Taxi,Petrol,Commercial
MH20-1602-C02489,Car,Petrol,Commercial
UP32-3066-E02490,Car,CNG,Private
TN09-4919-R02491,Car,Petrol,Private
KA05-4436-R02492,Bike,Petrol,Private
TN09-2082-B02493,Bike,Petrol,Commercial
MH20-9152-Q02494,Car,Diesel,Private
TN09-8366-E02495,Auto,CNG,Commercial
GJ01-6157-F02496,Auto,Petrol,Commercial
KA05-7812-C02497,Auto,Diesel,Commercial
MH20-1688-E02498,Taxi,Petrol,Commercial
KA05-4313-F02499,Bike,Petrol,Private
TN09-7111-L02500,Bike,Petrol,Private
DL08-4458-E02501,Bus,Diesel,Commercial
KA05-9697-N02502,Bike,Electric,Commercial
DL08-8126-B02503,Bike,Petrol,Private
UP32-1729-K02504,Bike,Petrol,Private
MH14-8774-P02505,Bike,Electric,Commercial
DL08-6163-H02506,Bike,Petrol,Private
MH12-4759-J02507,Bike,Petrol,Private
DL08-8360-H02508,Car,Petrol,Private
KA05-9769-P02509,Taxi,Petrol,Commercial
KA05-1838-R02510,Truck,CNG,Commercial
KA05-2898-H02511,Car,Electric,Private
MH20-9930-G02512,Auto,Petrol,Commercial
TN09-5023-R02513,Bike,Petrol,Private
KA05-3769-K02514,Auto,Diesel,Commercial
GJ01-4343-F02515,Bike,Petrol,Private
MH14-2248-E02516,Car,CNG,Commercial
DL08-2081-J02517,Car,Electric,Private
MH14-9199-Q02518,Bike,Petrol,Private
MH14-6836-C02519,Bike,Petrol,Private
KA05-1298-C02520,Car,Electric,Private
DL08-8842-M02521,Bike,Petrol,Commercial
GJ01-2696-N02522,Auto,Petrol,Commercial
UP32-2096-H02523,Car,CNG,Commercial
UP32-7345-L02524,Auto,Diesel,Commercial
MH12-1596-Q02525,Car,Petrol,Private
TN09-6549-P02526,Car,CNG,Private
UP32-2396-E02527,Car,CNG,Private
MH14-3224-R02528,Bike,Petrol,Commercial
TN09-2962-B02529,Auto,CNG,Commercial
DL08-6112-P02530,Bike,Petrol,Commercial
KA05-3243-J02531,Car,CNG,Commercial
GJ01-2218-M02532,Car,Petrol,Private
MH12-1428-K02533,Car,Petrol,Private
MH14-6939-D02534,Truck,Diesel,Commercial
TN09-6215-D02535,Car,Petrol,Private
DL08-1804-J02536,Bus,Diesel,Commercial
MH14-9993-K02537,Auto,Electric,Commercial
MH14-7613-B02538,Bike,Petrol,Commercial
TN09-5408-B02539,Car,Petrol,Private
MH12-2750-R02540,Taxi,Petrol,Commercial
GJ01-9879-D02541,Bus,Diesel,Commercial
DL08-2343-L02542,Bike,Petrol,Private
MH14-1275-R02543,Bike,Petrol,Private
DL08-7683-A02544,Car,Diesel,Commercial
DL08-9071-H02545,Bike,Petrol,Private
DL08-9647-K02546,Auto,Petrol,Commercial
GJ01-5713-J02547,Bike,Petrol,Commercial
GJ01-5177-R02548,Car,Petrol,Private
KA05-3100-F02549,Bike,Petrol,Private
DL08-3170-B02550,Taxi,Petrol,Commercial
MH12-2182-N02551,Car,Petrol,Private
MH12-4443-D02552,Taxi,CNG,Commercial
MH14-6592-G02553,Car,Petrol,Private
MH14-7041-L02554,Bike,Electric,Private
KA05-8264-G02555,Bike,Electric,Private
DL08-4977-R02556,Bike,Petrol,Private
MH12-8099-Q02557,Car,Petrol,Private
UP32-9589-K02558,Bus,Diesel,Commercial
KA05-3305-K02559,Car,Petrol,Private
MH14-8445-M02560,Car,Petrol,Private
KA05-8812-N02561,Car,Petrol,Private
MH20-1280-H02562,Bike,Petrol,Private
MH20-2799-J02563,Taxi,CNG,Commercial
MH14-5453-K02564,Bike,Petrol,Private
MH14-4952-K02565,Bike,Petrol,Private
MH20-9143-A02566,Taxi,Petrol,Commercial
GJ01-6591-A02567,Car,Diesel,Private
GJ01-5115-J02568,Auto,Diesel,Commercial
TN09-2574-N02569,Bike,Petrol,Private
MH12-6507-M02570,Car,Diesel,Private
DL08-8058-A02571,Car,Diesel,Private
DL08-7729-B02572,Truck,Diesel,Commercial
MH14-2681-Q02573,Bike,Petrol,Private
TN09-2586-B02574,Car,Petrol,Commercial
KA05-8370-G02575,Bike,Petrol,Commercial
MH14-5101-H02576,Bike,Petrol,Private
MH12-9020-G02577,Bike,Petrol,Commercial
DL08-5549-A02578,Car,Petrol,Private
UP32-3691-A02579,Bike,Petrol,Commercial
KA05-4154-F02580,Bike,Petrol,Private
MH20-4208-G02581,Car,Petrol,Private
UP32-4696-E02582,Car,Petrol,Private
TN09-5908-P02583,Auto,Petrol,Commercial
MH20-8761-N02584,Car,Petrol,Private
GJ01-2778-C02585,Bike,Petrol,Private
MH14-8120-H02586,Car,Diesel,Private
TN09-8422-F02587,Auto,CNG,Commercial
DL08-8357-P02588,Bike,Petrol,Private
TN09-5263-G02589,Bike,Electric,Private
DL08-7648-K02590,Bus,Diesel,Commercial
MH14-2889-E02591,Bike,Electric,Private
MH14-8853-N02592,Auto,Electric,Commercial
MH20-1865-F02593,Bike,Petrol,Private
MH12-9329-C02594,Car,Petrol,Private
MH14-5254-J02595,Car,Petrol,Private
GJ01-9036-G02596,Car,Petrol,Private
MH14-9486-E02597,Auto,Diesel,Commercial
MH14-6273-Q02598,Car,Petrol,Private
MH12-1542-A02599,Bus,Diesel,Commercial
MH12-1497-C02600,Auto,Petrol,Commercial
MH14-2353-G02601,Auto,Diesel,Commercial
UP32-9831-M02602,Bus,Diesel,Commercial
MH12-3453-M02603,Bike,Petrol,Private
KA05-5786-J02604,Auto,Petrol,Commercial
MH20-9847-R02605,Bike,Petrol,Private
MH20-3879-K02606,Auto,Diesel,Commercial
TN09-7216-R02607,Auto,Petrol,Commercial
MH12-1723-B02608,Bike,Petrol,Private
TN09-6594-C02609,Car,Petrol,Private
GJ01-7188-D02610,Bike,Petrol,Private
DL08-6269-M02611,Car,Diesel,Private
GJ01-1686-B02612,Bus,Diesel,Commercial
DL08-4938-P02613,Car,Diesel,Private
TN09-1278-F02614,Bike,Petrol,Private
MH14-7417-J02615,Bus,CNG,Commercial
MH12-5286-J02616,Car,Electric,Private
UP32-9166-H02617,Bike,Petrol,Private
MH14-7548-J02618,Auto,Petrol,Commercial
MH20-7554-K02619,Auto,CNG,Commercial
KA05-7678-K02620,Bike,Petrol,Private
MH20-7033-P02621,Bike,Petrol,Private
MH14-8568-B02622,Auto,CNG,Commercial
GJ01-3566-M02623,Car,Electric,Private
MH12-4057-N02624,Car,CNG,Private
MH20-5814-G02625,Bike,Electric,Commercial
MH14-8697-N02626,Car,Petrol,Private
MH12-4700-D02627,Truck,Diesel,Commercial
MH20-5512-L02628,Bike,Petrol,Private
MH12-6569-B02629,Bike,Petrol,Private
KA05-4912-G02630,Taxi,Electric,Commercial
TN09-4183-J02631,Car,Diesel,Commercial
DL08-3316-D02632,Car,Petrol,Private
UP32-3027-B02633,Bike,Petrol,Private
DL08-9070-G02634,Bike,Petrol,Private
MH12-7662-B02635,Taxi,CNG,Commercial
UP32-6364-N02636,Taxi,Petrol,Commercial
GJ01-9592-A02637,Taxi,Petrol,Commercial
MH12-1481-D02638,Car,Petrol,Private
MH12-5004-N02639,Bike,Petrol,Private
KA05-2961-P02640,Bike,Electric,Commercial
GJ01-7027-M02641,Auto,Petrol,Commercial
KA05-2161-D02642,Car,CNG,Private
MH14-9834-K02643,Bike,Petrol,Private
MH12-3282-P02644,Bike,Petrol,Private
DL08-9287-E02645,Car,Petrol,Private
GJ01-2257-C02646,Car,Petrol,Private
KA05-3130-P02647,Auto,Electric,Commercial
TN09-1348-L02648,Car,Petrol,Commercial
MH12-9508-D02649,Bike,Petrol,Private
MH12-1690-G02650,Auto,CNG,Commercial
DL08-6919-N02651,Car,Petrol,Private
MH12-7328-E02652,Bus,Diesel,Commercial
DL08-2637-F02653,Car,CNG,Private
MH12-8041-F02654,Bike,Petrol,Private
UP32-7954-E02655,Bike,Petrol,Commercial
KA05-1660-D02656,Bus,Diesel,Commercial
MH12-9647-Q02657,Truck,Diesel,Commercial
DL08-8813-E02658,Bike,Petrol,Private
MH14-1874-D02659,Bike,Petrol,Private
MH12-9313-M02660,Auto,Electric,Commercial
MH14-5740-K02661,Bike,Petrol,Commercial
UP32-5181-F02662,Auto,Petrol,Commercial
GJ01-7158-K02663,Bike,Petrol,Private
UP32-2468-K02664,Auto,Petrol,Commercial
GJ01-5066-E02665,Auto,Petrol,Commercial
MH12-9199-K02666,Car,Diesel,Private
MH20-4119-D02667,Truck,Diesel,Commercial
DL08-5823-E02668,Auto,CNG,Commercial
MH12-7681-A02669,Bike,Electric,Private
MH14-8490-P02670,Bike,Electric,Private
DL08-6070-H02671,Bike,Petrol,Private
TN09-4997-E02672,Auto,Diesel,Commercial
MH12-5664-A02673,Bike,Electric,Commercial
MH14-3334-P02674,Truck,Diesel,Commercial
MH20-7655-M02675,Bike,Petrol,Private
MH14-7265-N02676,Auto,Petrol,Commercial
DL08-1244-R02677,Bike,Petrol,Private
MH20-4117-L02678,Bus,Diesel,Commercial
MH14-5127-G02679,Taxi,CNG,Commercial
MH20-4942-K02680,Bike,Petrol,Private
MH12-3690-R02681,Truck,Diesel,Commercial
GJ01-7400-N02682,Car,Petrol,Private
GJ01-9255-G02683,Bus,Diesel,Commercial
TN09-1417-B02684,Auto,Electric,Commercial
MH12-5575-C02685,Bike,Petrol,Private
TN09-1890-Q02686,Truck,Diesel,Commercial
DL08-8263-P02687,Car,Diesel,Private
KA05-5425-A02688,Bike,Electric,Private
GJ01-3659-B02689,Bike,Petrol,Private
GJ01-7744-E02690,Car,Diesel,Private
MH14-9062-R02691,Bike,Electric,Commercial
MH14-5317-A02692,Taxi,Petrol,Commercial
KA05-2100-G02693,Bike,Petrol,Private
MH20-6147-M02694,Car,CNG,Private
GJ01-2781-Q02695,Bike,Petrol,Private
MH20-2665-C02696,Car,Diesel,Private
GJ01-4898-L02697,Car,Petrol,Private
TN09-7160-D02698,Bike,Petrol,Private
KA05-6031-J02699,Truck,Diesel,Commercial
MH20-6292-B02700,Auto,Petrol,Commercial
MH12-2548-P02701,Bike,Petrol,Commercial
DL08-5098-D02702,Car,Petrol,Private
UP32-9186-F02703,Taxi,Electric,Commercial
MH20-2511-R02704,Car,CNG,Private
MH14-4168-J02705,Bus,Diesel,Commercial
MH20-9947-L02706,Taxi,CNG,Commercial
UP32-4831-P02707,Bike,Electric,Private
DL08-2883-F02708,Bus,Diesel,Commercial
GJ01-1477-L02709,Taxi,Petrol,Commercial
MH12-9074-P02710,Auto,Petrol,Commercial
MH14-8431-R02711,Taxi,CNG,Commercial
UP32-4865-N02712,Bike,Petrol,Private
MH12-6981-A02713,Truck,Diesel,Commercial
MH20-3956-H02714,Car,Diesel,Private
GJ01-6997-A02715,Car,CNG,Private
MH14-5340-N02716,Bike,Petrol,Private
MH20-2191-E02717,Bike,Petrol,Private
MH12-9753-J02718,Bike,Petrol,Private
MH12-3594-E02719,Bike,Electric,Private
MH12-4765-P02720,Car,Electric,Private
KA05-3129-K02721,Auto,CNG,Commercial
MH14-2376-K02722,Car,Petrol,Private
MH12-8231-C02723,Bike,Petrol,Private
GJ01-8333-N02724,Truck,Diesel,Commercial
MH20-1429-Q02725,Bike,Petrol,Private
MH14-8559-R02726,Taxi,Diesel,Commercial
MH20-8151-R02727,Bike,Petrol,Private
TN09-9456-G02728,Bus,Diesel,Commercial
TN09-9591-A02729,Auto,Petrol,Commercial
DL08-7040-B02730,Car,Diesel,Commercial
TN09-7392-N02731,Auto,CNG,Commercial
UP32-1627-A02732,Car,Diesel,Private
MH20-6613-M02733,Truck,Diesel,Commercial
GJ01-8547-N02734,Car,Petrol,Private
KA05-4042-H02735,Bus,Diesel,Commercial
KA05-7412-H02736,Car,CNG,Private
MH14-6573-N02737,Taxi,Petrol,Commercial
TN09-4057-L02738,Car,CNG,Commercial
TN09-7374-F02739,Car,Electric,Private
DL08-4641-L02740,Taxi,Diesel,Commercial
TN09-2674-H02741,Auto,CNG,Commercial
MH14-7409-M02742,Taxi,Petrol,Commercial
UP32-9502-J02743,Taxi,Electric,Commercial
TN09-1256-L02744,Taxi,CNG,Commercial
KA05-5287-H02745,Auto,Petrol,Commercial
MH14-9393-C02746,Car,Electric,Private
UP32-3700-B02747,Bike,Petrol,Private
DL08-5409-B02748,Car,Petrol,Private
MH14-6328-K02749,Bike,Petrol,Private
MH14-4548-F02750,Car,Petrol,Commercial
UP32-9593-D02751,Bus,Diesel,Commercial
TN09-1750-A02752,Bike,Electric,Private
MH14-5644-C02753,Bus,Diesel,Commercial
UP32-7273-D02754,Bike,Petrol,Private
MH20-8831-A02755,Bike,Petrol,Private
TN09-7589-F02756,Bus,CNG,Commercial
GJ01-7817-B02757,Taxi,Electric,Commercial
GJ01-8369-Q02758,Truck,Diesel,Commercial
MH20-9072-L02759,Truck,Diesel,Commercial
KA05-9869-L02760,Taxi,CNG,Commercial
TN09-6199-K02761,Bike,Petrol,Private
MH14-2359-P02762,Taxi,Electric,Commercial
MH12-1645-B02763,Car,Petrol,Private
DL08-2191-H02764,Bike,Petrol,Commercial
MH14-6340-L02765,Truck,Diesel,Commercial
TN09-8872-B02766,Car,Diesel,Private
MH20-2644-K02767,Bike,Petrol,Commercial
GJ01-7321-R02768,Bike,Petrol,Commercial
DL08-7931-Q02769,Auto,CNG,Commercial
KA05-7771-E02770,Auto,CNG,Commercial
MH20-7042-K02771,Car,Petrol,Commercial
MH20-9902-D02772,Bike,Petrol,Private
DL08-3346-A02773,Car,Diesel,Private
MH12-2472-H02774,Car,Petrol,Private
UP32-6652-A02775,Car,Diesel,Private
MH14-8471-F02776,Bike,Petrol,Commercial
TN09-5265-M02777,Bike,Petrol,Private
MH20-1535-L02778,Car,Petrol,Private
UP32-7265-H02779,Bus,Diesel,Commercial
MH20-8201-D02780,Bike,Petrol,Private
DL08-4249-Q02781,Bike,Petrol,Private
MH20-1479-L02782,Taxi,Petrol,Commercial
DL08-7749-F02783,Car,Electric,Private
MH14-5967-H02784,Auto,Diesel,Commercial
MH20-6326-M02785,Car,CNG,Private
DL08-6246-K02786,Bike,Petrol,Private
UP32-9078-H02787,Auto,Petrol,Commercial
DL08-1320-L02788,Bike,Petrol,Private
UP32-2908-F02789,Bus,CNG,Commercial
UP32-1044-F02790,Bike,Petrol,Private
TN09-5038-Q02791,Car,CNG,Commercial
DL08-9033-L02792,Auto,Petrol,Commercial
DL08-3140-E02793,Taxi,Petrol,Commercial
MH14-3207-M02794,Auto,Petrol,Commercial
MH12-9978-G02795,Auto,Petrol,Commercial
KA05-9010-Q02796,Truck,Diesel,Commercial
UP32-6723-G02797,Bike,Petrol,Private
TN09-4025-H02798,Truck,Diesel,Commercial
MH12-1662-G02799,Bike,Petrol,Commercial
GJ01-2343-L02800,Car,Petrol,Private
MH20-4441-C02801,Bus,Diesel,Commercial
MH20-6705-A02802,Car,Petrol,Private
DL08-1928-G02803,Car,Electric,Private
MH14-4447-R02804,Taxi,Petrol,Commercial
MH20-7517-B02805,Taxi,Diesel,Commercial
MH14-4395-F02806,Auto,Petrol,Commercial
UP32-7719-Q02807,Auto,CNG,Commercial
MH14-2462-D02808,Car,Petrol,Private
MH20-1685-D02809,Car,Diesel,Private
TN09-9669-Q02810,Car,Electric,Private
DL08-1606-K02811,Bike,Petrol,Private
MH12-3930-Q02812,Car,Diesel,Private
MH14-3451-K02813,Car,Petrol,Private
GJ01-9598-E02814,Car,Electric,Commercial
TN09-3205-E02815,Bike,Petrol,Private
DL08-7008-M02816,Car,CNG,Private
MH12-4516-M02817,Car,Petrol,Private
MH12-2592-H02818,Bike,Electric,Private
GJ01-6882-L02819,Car,Diesel,Private
MH20-4473-A02820,Auto,Petrol,Commercial
MH20-1420-E02821,Car,Electric,Commercial
TN09-3653-R02822,Bike,Petrol,Private
MH12-8259-C02823,Car,Petrol,Commercial
DL08-3129-E02824,Car,CNG,Private
MH14-6609-L02825,Taxi,Petrol,Commercial
MH12-4634-K02826,Truck,Diesel,Commercial
MH12-6950-N02827,Car,Electric,Private
UP32-7038-P02828,Auto,CNG,Commercial
MH14-7076-Q02829,Car,Diesel,Private
KA05-7965-F02830,Bike,Electric,Private
MH20-5114-Q02831,Bus,Diesel,Commercial
MH12-2941-D02832,Car,Petrol,Private
GJ01-4765-D02833,Truck,Diesel,Commercial
MH14-9011-F02834,Car,Petrol,Private
MH14-7000-Q02835,Car,Petrol,Private
MH14-6615-B02836,Truck,Diesel,Commercial
MH12-7694-Q02837,Car,Petrol,Private
TN09-2305-B02838,Auto,CNG,Commercial
KA05-9061-K02839,Car,Petrol,Private
DL08-1406-A02840,Car,Diesel,Private
TN09-8320-P02841,Bike,Petrol,Private
DL08-2974-A02842,Bike,Petrol,Commercial
DL08-7595-F02843,Bus,CNG,Commercial
UP32-5165-P02844,Truck,CNG,Commercial
MH20-2293-M02845,Bike,Petrol,Private
UP32-1310-B02846,Bus,Diesel,Commercial
GJ01-7972-D02847,Car,Petrol,Private
MH14-2908-B02848,Bike,Petrol,Private
KA05-1611-A02849,Bike,Petrol,Private
MH14-5416-A02850,Car,Petrol,Private
TN09-3820-B02851,Auto,Petrol,Commercial
MH12-5876-R02852,Bike,Electric,Private
UP32-4664-C02853,Bike,Petrol,Private
GJ01-7262-K02854,Auto,Petrol,Commercial
MH14-3432-G02855,Truck,Diesel,Commercial
UP32-8862-J02856,Taxi,Petrol,Commercial
TN09-8158-F02857,Bus,Diesel,Commercial
KA05-2866-Q02858,Auto,CNG,Commercial
KA05-3705-P02859,Car,CNG,Commercial
DL08-8655-B02860,Car,Diesel,Private
MH20-2731-C02861,Bike,Petrol,Private
MH12-5251-D02862,Auto,CNG,Commercial
MH14-4853-M02863,Truck,Diesel,Commercial
UP32-3401-D02864,Auto,Petrol,Commercial
MH12-9806-K02865,Bike,Electric,Private
MH14-9955-N02866,Bus,CNG,Commercial
MH20-3633-D02867,Car,Diesel,Commercial
DL08-8214-M02868,Bike,Petrol,Private
MH12-5251-B02869,Car,Petrol,Private
MH20-4095-N02870,Auto,Diesel,Commercial
GJ01-2499-C02871,Car,Electric,Private
KA05-3709-P02872,Bike,Petrol,Private
GJ01-8817-B02873,Bike,Petrol,Private
MH14-5237-C02874,Car,CNG,Private
MH12-9099-H02875,Bike,Petrol,Private
DL08-6460-N02876,Truck,Diesel,Commercial
UP32-7523-F02877,Auto,Petrol,Commercial
GJ01-5637-N02878,Car,Petrol,Private
GJ01-1419-J02879,Car,Diesel,Private
MH12-3505-L02880,Car,Petrol,Private
TN09-4983-P02881,Taxi,Petrol,Commercial
MH12-9233-H02882,Bike,Petrol,Private
DL08-1673-P02883,Auto,Petrol,Commercial
UP32-3479-Q02884,Car,Diesel,Private
MH14-2461-K02885,Car,Petrol,Commercial
DL08-6861-F02886,Car,Electric,Commercial
MH14-4811-G02887,Auto,Diesel,Commercial
MH12-6598-F02888,Bike,Electric,Private
MH14-7563-L02889,Car,CNG,Private
TN09-5561-K02890,Truck,Diesel,Commercial
MH14-8027-L02891,Car,Diesel,Commercial
KA05-1462-P02892,Auto,Petrol,Commercial
UP32-2070-E02893,Car,CNG,Private
MH12-9957-A02894,Bike,Electric,Private
MH14-5448-C02895,Bike,Petrol,Private
MH14-4710-L02896,Bus,Diesel,Commercial
GJ01-5342-P02897,Truck,Diesel,Commercial
DL08-7485-Q02898,Bike,Petrol,Private
MH14-6362-L02899,Bike,Petrol,Commercial
MH12-2812-D02900,Bus,Diesel,Commercial
MH20-1959-R02901,Auto,Electric,Commercial
GJ01-1728-M02902,Car,Petrol,Private
MH12-4720-N02903,Bike,Petrol,Private
MH20-2638-J02904,Bike,Petrol,Private
MH12-1805-A02905,Bike,Petrol,Private
MH20-5894-J02906,Car,Petrol,Private
GJ01-5488-P02907,Bike,Petrol,Private
GJ01-5294-F02908,Car,Petrol,Private
GJ01-6966-R02909,Car,CNG,Private
UP32-6054-L02910,Truck,CNG,Commercial
MH12-7965-E02911,Car,Petrol,Private
GJ01-7246-E02912,Car,CNG,Private
KA05-1887-D02913,Bike,Petrol,Private
DL08-1879-A02914,Bike,Petrol,Private
MH20-2940-F02915,Car,Petrol,Private
UP32-8015-R02916,Auto,Diesel,Commercial
GJ01-3200-L02917,Bike,Petrol,Private
MH20-5602-D02918,Car,Petrol,Commercial
KA05-9739-N02919,Truck,CNG,Commercial
MH12-2775-R02920,Car,Diesel,Commercial
UP32-3094-G02921,Bike,Electric,Private
TN09-8275-A02922,Bike,Electric,Private
GJ01-5310-F02923,Car,Diesel,Private
MH14-3697-B02924,Car,Petrol,Private
UP32-6605-H02925,Auto,Petrol,Commercial
GJ01-9721-B02926,Auto,Diesel,Commercial
MH20-7037-J02927,Bike,Electric,Private
DL08-9248-L02928,Car,CNG,Private
KA05-1772-B02929,Auto,Diesel,Commercial
KA05-7019-K02930,Bike,Petrol,Private
DL08-2256-D02931,Car,Petrol,Private
UP32-5677-R02932,Taxi,Diesel,Commercial
MH14-8385-Q02933,Bike,Electric,Private
KA05-3725-R02934,Car,Petrol,Private
GJ01-3780-C02935,Bus,CNG,Commercial
MH12-9894-B02936,Bike,Petrol,Private
DL08-1683-J02937,Auto,Petrol,Commercial
MH12-7334-H02938,Bike,Petrol,Private
KA05-4759-L02939,Bus,CNG,Commercial
MH12-1585-D02940,Truck,Diesel,Commercial
GJ01-8217-R02941,Auto,Diesel,Commercial
MH14-7962-M02942,Bike,Electric,Private
TN09-5286-J02943,Car,Petrol,Private
TN09-2080-R02944,Car,Diesel,Private
MH14-1255-L02945,Auto,Petrol,Commercial
MH20-9792-Q02946,Bike,Electric,Private
GJ01-7972-E02947,Car,CNG,Private
KA05-6152-R02948,Bike,Petrol,Private
KA05-8363-E02949,Bike,Petrol,Private
GJ01-5139-F02950,Bus,Diesel,Commercial
DL08-8365-F02951,Truck,Diesel,Commercial
MH14-3473-D02952,Car,Electric,Private
GJ01-3574-G02953,Bike,Electric,Private
MH12-4474-F02954,Bike,Petrol,Private
MH20-4768-F02955,Car,CNG,Private
GJ01-8558-P02956,Auto,Petrol,Commercial
MH12-9321-R02957,Car,CNG,Private
KA05-4102-M02958,Bike,Petrol,Private
DL08-5740-L02959,Car,Diesel,Private
MH12-8906-J02960,Car,Petrol,Private
MH20-4194-L02961,Truck,Diesel,Commercial
TN09-2600-B02962,Truck,Diesel,Commercial
MH12-8488-N02963,Auto,Electric,Commercial
KA05-6397-N02964,Car,Petrol,Private
MH12-8141-P02965,Car,Electric,Private
MH14-2209-A02966,Bike,Electric,Private
MH14-2479-H02967,Bike,Electric,Private
TN09-2647-N02968,Bike,Petrol,Commercial
UP32-1687-A02969,Bike,Petrol,Private
GJ01-9982-G02970,Car,Petrol,Private
GJ01-3610-N02971,Bike,Petrol,Private
GJ01-9520-D02972,Bike,Petrol,Commercial
UP32-2190-M02973,Auto,Petrol,Commercial
GJ01-3959-M02974,Bus,Diesel,Commercial
UP32-7177-A02975,Car,Diesel,Private
MH14-3174-P02976,Car,CNG,Private
MH20-7228-A02977,Bike,Petrol,Private
TN09-3280-C02978,Truck,Diesel,Commercial
TN09-2929-Q02979,Bike,Petrol,Private
MH20-8999-K02980,Car,Petrol,Private
MH20-5592-C02981,Car,Diesel,Private
GJ01-5362-F02982,Taxi,Petrol,Commercial
UP32-6476-C02983,Bike,Petrol,Private
KA05-7003-J02984,Truck,CNG,Commercial
TN09-5811-M02985,Car,Diesel,Private
MH20-1047-E02986,Car,Petrol,Commercial
MH12-1295-B02987,Bike,Petrol,Private
TN09-7717-J02988,Taxi,Electric,Commercial
DL08-3228-J02989,Bike,Petrol,Private
MH20-6375-J02990,Car,Petrol,Private
MH20-3636-J02991,Bike,Petrol,Private
GJ01-2187-N02992,Car,Electric,Private
TN09-1102-R02993,Taxi,Petrol,Commercial
MH12-2498-D02994,Auto,Diesel,Commercial
MH20-8599-D02995,Taxi,Electric,Commercial
TN09-4046-P02996,Bike,Petrol,Commercial
DL08-8218-B02997,Auto,CNG,Commercial
MH12-1537-Q02998,Car,Petrol,Private
MH12-1075-R02999,Car,Petrol,Private
MH14-9260-K03000,Taxi,Diesel,Commercial
KA05-4719-E03001,Car,CNG,Private
DL08-7752-M03002,Bike,Petrol,Private
MH14-7773-C03003,Taxi,Electric,Commercial
MH20-8768-G03004,Auto,CNG,Commercial
MH14-4493-C03005,Bus,Diesel,Commercial
MH20-6763-N03006,Car,Petrol,Private
KA05-4495-M03007,Bike,Petrol,Private
DL08-6527-E03008,Truck,Diesel,Commercial
KA05-9940-P03009,Car,Petrol,Private
DL08-5118-K03010,Car,Electric,Private
MH20-6208-H03011,Bike,Petrol,Commercial
KA05-7650-E03012,Truck,Diesel,Commercial
MH12-8299-Q03013,Car,Electric,Private
UP32-6497-M03014,Bike,Petrol,Commercial
MH20-1159-B03015,Car,Diesel,Private
MH14-1696-R03016,Auto,Diesel,Commercial
MH12-2666-H03017,Car,Petrol,Private
GJ01-2552-A03018,Car,Petrol,Private
UP32-7374-B03019,Auto,Diesel,Commercial
MH12-7653-M03020,Car,Electric,Private
KA05-2362-F03021,Truck,CNG,Commercial
MH20-3985-Q03022,Truck,CNG,Commercial
TN09-1975-A03023,Auto,Petrol,Commercial
MH12-2293-L03024,Bike,Petrol,Private
MH20-6685-J03025,Auto,Petrol,Commercial
TN09-1524-Q03026,Truck,Diesel,Commercial
UP32-2636-Q03027,Taxi,CNG,Commercial
UP32-1811-M03028,Bus,Diesel,Commercial
TN09-1459-H03029,Bike,Petrol,Private
GJ01-5716-G03030,Car,Electric,Private
MH14-1049-J03031,Car,Petrol,Commercial
GJ01-1747-K03032,Truck,Diesel,Commercial
MH14-4627-L03033,Bike,Electric,Private
TN09-6670-H03034,Car,Electric,Private
MH12-6920-N03035,Bike,Petrol,Private
MH12-1314-N03036,Taxi,Diesel,Commercial
MH12-2207-N03037,Taxi,CNG,Commercial
MH12-4958-R03038,Bike,Petrol,Private
DL08-4175-K03039,Car,Petrol,Private
DL08-1336-A03040,Taxi,Petrol,Commercial
MH20-6475-L03041,Bike,Petrol,Private
MH12-2194-R03042,Bike,Petrol,Private
GJ01-4008-K03043,Car,Petrol,Private
MH12-4060-E03044,Car,Petrol,Private
MH14-2142-A03045,Car,CNG,Private
GJ01-1760-M03046,Car,Petrol,Private
GJ01-9362-J03047,Taxi,Petrol,Commercial
MH14-2448-N03048,Car,Petrol,Private
MH12-5613-L03049,Car,Electric,Commercial
UP32-6296-F03050,Bike,Petrol,Private
GJ01-6106-F03051,Bike,Petrol,Private
GJ01-3935-A03052,Bus,CNG,Commercial
TN09-6795-F03053,Car,Petrol,Private
MH12-3065-A03054,Bike,Electric,Private
MH20-4697-A03055,Bus,Diesel,Commercial
MH20-2621-F03056,Bike,Petrol,Commercial
MH14-9556-R03057,Bike,Petrol,Private
GJ01-2743-D03058,Bike,Petrol,Private
MH14-6127-Q03059,Bike,Petrol,Private
MH14-7254-B03060,Auto,CNG,Commercial
TN09-4872-R03061,Auto,Diesel,Commercial
DL08-2100-N03062,Bus,Diesel,Commercial
UP32-3824-J03063,Car,Petrol,Commercial
MH14-9419-E03064,Truck,Diesel,Commercial
MH20-1019-B03065,Auto,Petrol,Commercial
KA05-9792-E03066,Car,Diesel,Private
MH20-1969-J03067,Car,Petrol,Private
DL08-3157-D03068,Taxi,Petrol,Commercial
TN09-4215-A03069,Taxi,Diesel,Commercial
MH12-3090-B03070,Auto,Diesel,Commercial
KA05-3445-H03071,Taxi,CNG,Commercial
UP32-9159-M03072,Car,CNG,Private
DL08-7110-G03073,Truck,Diesel,Commercial
MH20-9246-C03074,Auto,Petrol,Commercial
GJ01-5152-N03075,Truck,Diesel,Commercial
MH12-6643-H03076,Auto,Electric,Commercial
UP32-6830-N03077,Bike,Electric,Private
MH20-2163-A03078,Bike,Petrol,Commercial
MH14-8695-K03079,Car,Petrol,Private
MH20-9698-G03080,Truck,Diesel,Commercial
KA05-5062-J03081,Auto,Petrol,Commercial
MH20-3471-C03082,Bike,Petrol,Private
UP32-1229-B03083,Car,Petrol,Private
GJ01-7443-Q03084,Bike,Electric,Commercial
DL08-7455-E03085,Car,Petrol,Private
TN09-1990-K03086,Bike,Petrol,Private
KA05-1592-Q03087,Auto,Electric,Commercial
DL08-6016-G03088,Bike,Petrol,Private
KA05-7175-F03089,Bike,Petrol,Private
MH20-8108-D03090,Car,Petrol,Commercial
GJ01-3251-L03091,Car,Electric,Private
MH20-2661-B03092,Car,Diesel,Private
MH14-7677-E03093,Taxi,Diesel,Commercial
MH14-7230-J03094,Auto,Petrol,Commercial
DL08-3195-K03095,Bike,Electric,Commercial
TN09-1943-M03096,Car,Diesel,Private
DL08-1569-H03097,Car,Petrol,Private
UP32-7646-A03098,Bike,Petrol,Private
UP32-7396-J03099,Bike,Petrol,Private
KA05-6496-G03100,Bike,Petrol,Private
UP32-5437-N03101,Bike,Petrol,Private
GJ01-2041-P03102,Auto,Petrol,Commercial
MH14-3901-L03103,Car,Petrol,Private
MH12-6440-K03104,Auto,Diesel,Commercial
MH20-7538-E03105,Bus,Diesel,Commercial
GJ01-7505-K03106,Taxi,CNG,Commercial
DL08-1221-Q03107,Car,CNG,Private
MH14-5353-F03108,Car,Petrol,Commercial
KA05-9920-G03109,Car,Petrol,Commercial
MH14-5931-L03110,Taxi,CNG,Commercial
MH12-8418-P03111,Car,Petrol,Private
MH12-1491-D03112,Car,Diesel,Private
MH20-3327-D03113,Bike,Petrol,Private
KA05-6215-F03114,Bike,Petrol,Private
MH20-8093-Q03115,Bike,Petrol,Private
UP32-1796-D03116,Bike,Petrol,Private
MH12-9667-P03117,Car,CNG,Commercial
DL08-8286-Q03118,Bus,Diesel,Commercial
GJ01-6307-P03119,Bike,Petrol,Private
MH12-1764-M03120,Car,CNG,Private
MH14-1402-M03121,Taxi,Petrol,Commercial
MH12-1595-A03122,Bike,Electric,Private
MH20-2076-K03123,Auto,Petrol,Commercial
DL08-2964-P03124,Bike,Petrol,Private
MH14-4565-N03125,Taxi,Diesel,Commercial
MH14-9099-F03126,Bike,Electric,Private
TN09-6751-E03127,Car,Diesel,Private
MH12-4055-R03128,Truck,Diesel,Commercial
TN09-6771-G03129,Bike,Electric,Private
UP32-4716-G03130,Car,CNG,Private
KA05-6957-R03131,Car,Diesel,Private
DL08-6800-H03132,Auto,Petrol,Commercial
MH14-9311-M03133,Bike,Electric,Private
MH12-8522-B03134,Car,Diesel,Private
MH14-9284-F03135,Bike,Petrol,Private
MH12-9050-D03136,Car,Petrol,Private
DL08-3996-C03137,Bike,Electric,Private
GJ01-5294-J03138,Auto,CNG,Commercial
TN09-8251-J03139,Bike,Petrol,Private
DL08-3502-E03140,Taxi,Electric,Commercial
MH12-2738-K03141,Truck,Diesel,Commercial
MH20-4016-F03142,Car,CNG,Private
MH20-6530-G03143,Car,Petrol,Private
UP32-5008-C03144,Bike,Electric,Private
GJ01-9057-J03145,Car,Petrol,Private
TN09-4753-K03146,Bike,Petrol,Private
MH12-2175-H03147,Car,CNG,Private
KA05-7542-H03148,Auto,Diesel,Commercial
TN09-7326-C03149,Auto,Petrol,Commercial
UP32-1737-M03150,Car,Petrol,Private
MH14-7034-C03151,Auto,Petrol,Commercial
MH14-2269-L03152,Auto,Petrol,Commercial
MH14-7159-G03153,Car,Diesel,Private
MH20-1986-R03154,Bike,Petrol,Private
MH20-8120-F03155,Car,Diesel,Private
UP32-2574-E03156,Truck,Diesel,Commercial
KA05-2200-G03157,Car,Diesel,Private
GJ01-8581-Q03158,Bike,Petrol,Private
DL08-2215-F03159,Bike,Petrol,Commercial
MH20-3160-Q03160,Car,Diesel,Private
TN09-9690-R03161,Car,Diesel,Private
DL08-6058-G03162,Car,Petrol,Private
TN09-6058-G03163,Auto,Petrol,Commercial
TN09-3976-H03164,Bike,Petrol,Private
MH14-6766-A03165,Car,CNG,Private
KA05-8472-K03166,Bike,Petrol,Private
GJ01-8606-N03167,Car,Petrol,Private
UP32-7568-K03168,Auto,Diesel,Commercial
KA05-2458-P03169,Bike,Petrol,Private
MH12-5209-L03170,Bike,Petrol,Private
DL08-8704-G03171,Bike,Petrol,Private
GJ01-4055-Q03172,Taxi,Petrol,Commercial
TN09-3250-N03173,Car,Petrol,Private
UP32-1130-F03174,Auto,Petrol,Commercial
MH20-8580-P03175,Car,Diesel,Private
MH14-6144-K03176,Car,Electric,Private
TN09-7446-M03177,Bike,Electric,Private
KA05-6413-J03178,Bike,Electric,Commercial
DL08-6036-J03179,Car,CNG,Private
MH14-7480-H03180,Car,CNG,Private
KA05-5518-Q03181,Auto,Petrol,Commercial
KA05-7716-J03182,Bike,Petrol,Private
MH20-3393-H03183,Bus,Diesel,Commercial
GJ01-3102-R03184,Car,CNG,Private
KA05-2634-H03185,Bike,Petrol,Commercial
UP32-3114-B03186,Taxi,Diesel,Commercial
UP32-1710-R03187,Car,Petrol,Commercial
DL08-5703-P03188,Bike,Petrol,Private
MH20-1610-H03189,Bike,Petrol,Private
KA05-7250-C03190,Bike,Petrol,Private
MH12-3317-M03191,Bike,Petrol,Private
UP32-6461-N03192,Car,CNG,Private
DL08-6419-L03193,Bike,Petrol,Private
GJ01-2292-G03194,Taxi,Electric,Commercial
TN09-5888-G03195,Car,Petrol,Private
MH14-2187-H03196,Bike,Electric,Private
DL08-5859-F03197,Car,Petrol,Private
MH20-1548-H03198,Taxi,Petrol,Commercial
MH20-5343-P03199,Bike,Petrol,Private
UP32-7810-N03200,Car,CNG,Private
TN09-3307-J03201,Car,Petrol,Private
MH14-8983-Q03202,Car,CNG,Private
MH12-5949-G03203,Car,CNG,Private
TN09-1768-F03204,Car,Petrol,Private
GJ01-7403-L03205,Taxi,Petrol,Commercial
MH20-4259-G03206,Auto,Petrol,Commercial
DL08-1152-E03207,Taxi,Petrol,Commercial
MH14-4531-G03208,Car,CNG,Private
KA05-7689-Q03209,Car,Petrol,Private
GJ01-8475-M03210,Car,Electric,Private
MH20-8837-M03211,Truck,Diesel,Commercial
MH12-3843-J03212,Car,Diesel,Private
MH20-4781-J03213,Car,CNG,Private
KA05-3159-B03214,Car,Petrol,Private
MH12-2488-Q03215,Car,CNG,Commercial
MH20-5795-B03216,Auto,CNG,Commercial
GJ01-5242-Q03217,Car,CNG,Commercial
UP32-9113-L03218,Bus,CNG,Commercial
MH20-5320-B03219,Bike,Petrol,Private
UP32-3524-R03220,Car,Diesel,Private
MH14-3947-E03221,Truck,Diesel,Commercial
TN09-7312-N03222,Car,CNG,Private
MH20-5053-R03223,Car,Petrol,Private
MH14-4052-D03224,Bike,Petrol,Private
UP32-9413-B03225,Car,Petrol,Private
GJ01-1819-C03226,Auto,Diesel,Commercial
UP32-5773-B03227,Car,CNG,Commercial
TN09-2696-J03228,Bike,Petrol,Private
MH14-9093-D03229,Car,Petrol,Private
GJ01-5170-H03230,Bike,Petrol,Private
TN09-5739-E03231,Car,Petrol,Private
TN09-5270-N03232,Bike,Petrol,Private
MH12-9840-G03233,Car,Petrol,Private
MH12-5992-R03234,Car,Diesel,Private
KA05-8612-A03235,Car,CNG,Private
GJ01-9314-M03236,Bike,Petrol,Private
UP32-9140-J03237,Car,Diesel,Commercial
DL08-3620-L03238,Bike,Petrol,Private
UP32-8768-L03239,Bike,Petrol,Private
MH20-1287-P03240,Bike,Petrol,Private
MH20-3192-A03241,Bike,Petrol,Private
MH20-5683-D03242,Taxi,Petrol,Commercial
GJ01-4577-B03243,Taxi,Petrol,Commercial
GJ01-4810-P03244,Car,Petrol,Private
GJ01-3823-K03245,Bus,Diesel,Commercial
MH12-8069-N03246,Taxi,Petrol,Commercial
MH12-6564-D03247,Auto,Petrol,Commercial
DL08-9819-B03248,Auto,Petrol,Commercial
DL08-3572-C03249,Bike,Petrol,Private
MH14-3832-C03250,Truck,Diesel,Commercial
MH14-7102-E03251,Car,CNG,Private
GJ01-5881-A03252,Bike,Petrol,Private
KA05-9802-B03253,Bike,Petrol,Commercial
MH12-1697-N03254,Auto,Petrol,Commercial
UP32-8245-R03255,Taxi,Petrol,Commercial
TN09-7352-N03256,Car,Petrol,Commercial
MH14-8132-E03257,Auto,Petrol,Commercial
MH14-3308-P03258,Bike,Petrol,Private
MH12-6007-C03259,Car,Petrol,Private
DL08-2847-K03260,Car,CNG,Commercial
MH14-2475-R03261,Truck,CNG,Commercial
GJ01-5549-D03262,Bike,Petrol,Private
MH12-1934-H03263,Car,CNG,Private
MH20-1034-B03264,Car,Petrol,Commercial
TN09-4168-N03265,Auto,Petrol,Commercial
TN09-1760-L03266,Car,CNG,Private
DL08-1031-M03267,Truck,Diesel,Commercial
GJ01-3800-B03268,Car,Petrol,Private
MH20-8493-P03269,Auto,Electric,Commercial
MH20-4388-N03270,Truck,Diesel,Commercial
DL08-4514-R03271,Truck,Diesel,Commercial
TN09-2868-N03272,Auto,Petrol,Commercial
DL08-8111-K03273,Bike,Electric,Private
DL08-3540-F03274,Taxi,Petrol,Commercial
MH20-2624-H03275,Car,Petrol,Private
MH14-9656-R03276,Auto,Petrol,Commercial
MH12-7652-R03277,Taxi,Diesel,Commercial
MH12-7922-M03278,Car,CNG,Private
MH14-5364-H03279,Bike,Petrol,Private
UP32-7713-D03280,Bike,Petrol,Private
GJ01-9736-H03281,Car,Diesel,Private
MH20-1272-E03282,Auto,CNG,Commercial
GJ01-9746-N03283,Bike,Petrol,Private
MH14-3266-L03284,Bike,Petrol,Private
MH20-6626-L03285,Bike,Petrol,Private
MH12-8280-K03286,Bike,Electric,Private
UP32-5392-R03287,Bike,Petrol,Private
KA05-2031-Q03288,Bike,Petrol,Private
MH12-8492-K03289,Car,Diesel,Private
KA05-7645-J03290,Bike,Petrol,Private
KA05-2843-P03291,Bus,Diesel,Commercial
UP32-9503-L03292,Car,Petrol,Private
MH14-7239-K03293,Bike,Petrol,Private
TN09-1161-F03294,Car,Diesel,Private
MH12-6352-F03295,Bike,Petrol,Commercial
GJ01-3286-Q03296,Car,Petrol,Private
MH12-1296-F03297,Bike,Petrol,Private
MH14-4628-A03298,Bike,Petrol,Private
MH12-6404-R03299,Bike,Petrol,Private
UP32-5291-D03300,Bike,Petrol,Private
MH12-3447-Q03301,Truck,Diesel,Commercial
MH12-1010-G03302,Truck,Diesel,Commercial
GJ01-7607-D03303,Bike,Petrol,Commercial
DL08-1283-M03304,Bike,Petrol,Private
DL08-8180-K03305,Car,Petrol,Private
UP32-1319-D03306,Bike,Petrol,Private
MH12-1511-D03307,Truck,Diesel,Commercial
TN09-3013-B03308,Car,Petrol,Commercial
KA05-3154-B03309,Car,Petrol,Private
GJ01-7567-M03310,Bike,Petrol,Commercial
MH20-2914-L03311,Bike,Electric,Private
UP32-3243-L03312,Bike,Electric,Private
MH20-3046-A03313,Car,Petrol,Private
KA05-8202-A03314,Bike,Petrol,Private
KA05-9866-K03315,Truck,Diesel,Commercial
DL08-8161-L03316,Car,Petrol,Private
DL08-6120-A03317,Bus,Diesel,Commercial
MH20-5709-L03318,Car,CNG,Private
MH12-1054-H03319,Car,Petrol,Private
MH14-8738-H03320,Taxi,Electric,Commercial
UP32-9104-F03321,Bike,Petrol,Private
DL08-6677-L03322,Bike,Petrol,Private
MH20-6001-F03323,Car,Diesel,Private
TN09-2661-N03324,Auto,Petrol,Commercial
UP32-7033-C03325,Bike,Petrol,Private
MH12-6951-K03326,Truck,Diesel,Commercial
UP32-6034-J03327,Car,Diesel,Private
TN09-3312-K03328,Bike,Petrol,Private
KA05-2837-Q03329,Auto,Petrol,Commercial
UP32-4267-J03330,Bike,Petrol,Commercial
TN09-4790-R03331,Car,Diesel,Private
DL08-7902-C03332,Car,CNG,Private
MH20-7997-B03333,Car,Diesel,Private
MH14-6777-F03334,Truck,Diesel,Commercial
MH12-5673-P03335,Bike,Petrol,Private
MH14-8293-K03336,Car,Petrol,Private
TN09-4709-R03337,Car,CNG,Private
MH14-6836-P03338,Car,Diesel,Private
GJ01-9135-C03339,Car,CNG,Private
MH20-7512-C03340,Bike,Electric,Private
MH20-5209-N03341,Bus,Diesel,Commercial
TN09-1862-A03342,Bike,Petrol,Private
TN09-8859-H03343,Bike,Petrol,Private
TN09-3682-D03344,Car,CNG,Private
KA05-5710-F03345,Bike,Petrol,Private
KA05-8500-M03346,Auto,Petrol,Commercial
TN09-9032-L03347,Bike,Petrol,Private
MH20-9492-D03348,Auto,CNG,Commercial
MH20-2170-Q03349,Car,CNG,Private
MH14-3255-K03350,Bike,Petrol,Private
UP32-2342-Q03351,Bike,Petrol,Private
KA05-5303-L03352,Bike,Petrol,Private
DL08-7970-R03353,Auto,CNG,Commercial
GJ01-9574-D03354,Car,Petrol,Private
DL08-9653-L03355,Bike,Petrol,Private
MH14-5026-R03356,Car,CNG,Private
TN09-1186-A03357,Taxi,CNG,Commercial
MH20-2726-Q03358,Bike,Petrol,Private
GJ01-7929-G03359,Car,Petrol,Private
TN09-9267-A03360,Car,CNG,Private
TN09-4197-E03361,Auto,Diesel,Commercial
MH14-2996-H03362,Car,CNG,Private
MH20-8771-K03363,Car,Petrol,Commercial
DL08-7989-B03364,Bike,Petrol,Private
MH14-9229-D03365,Car,Petrol,Private
KA05-4476-Q03366,Truck,Diesel,Commercial
TN09-9698-R03367,Car,Petrol,Private
UP32-2292-G03368,Car,Diesel,Private
DL08-4424-M03369,Bike,Petrol,Private
TN09-9921-L03370,Auto,Electric,Commercial
GJ01-2480-M03371,Taxi,Diesel,Commercial
DL08-2408-L03372,Car,CNG,Private
UP32-4046-M03373,Car,Petrol,Commercial
KA05-5032-N03374,Car,Electric,Private
DL08-8725-R03375,Auto,Petrol,Commercial
MH20-9924-P03376,Car,Electric,Private
TN09-5085-K03377,Bike,Petrol,Private
KA05-2125-P03378,Bus,Diesel,Commercial
UP32-6297-G03379,Truck,Diesel,Commercial
KA05-7710-J03380,Truck,Diesel,Commercial
MH14-1613-G03381,Bike,Petrol,Private
DL08-1135-J03382,Car,Petrol,Private
MH14-5313-J03383,Bike,Petrol,Private
DL08-6193-G03384,Bike,Electric,Private
MH12-7854-R03385,Bike,Petrol,Private
MH12-3845-F03386,Truck,Diesel,Commercial
KA05-9341-Q03387,Auto,CNG,Commercial
TN09-2833-H03388,Truck,CNG,Commercial
UP32-3224-R03389,Auto,Petrol,Commercial
DL08-1348-P03390,Car,CNG,Commercial
MH14-7287-J03391,Taxi,CNG,Commercial
MH12-4327-K03392,Auto,Electric,Commercial
MH14-9310-R03393,Bike,Petrol,Private
TN09-9388-H03394,Bike,Petrol,Private
UP32-8364-A03395,Car,CNG,Private
MH12-2846-M03396,Auto,Petrol,Commercial
GJ01-1379-F03397,Bus,Diesel,Commercial
TN09-5333-F03398,Bike,Electric,Commercial
MH20-4811-C03399,Car,Diesel,Private
UP32-3194-A03400,Bike,Petrol,Private
UP32-5458-D03401,Car,Diesel,Private
DL08-2233-B03402,Bike,Petrol,Private
MH20-3362-J03403,Car,Diesel,Private
UP32-3474-N03404,Bike,Electric,Commercial
DL08-4003-F03405,Bike,Petrol,Commercial
MH20-4039-K03406,Bus,Diesel,Commercial
DL08-3824-P03407,Bus,Diesel,Commercial
MH12-1580-G03408,Bike,Petrol,Private
GJ01-4524-B03409,Car,Diesel,Private
MH20-1918-E03410,Bike,Petrol,Private
DL08-7404-P03411,Car,CNG,Private
GJ01-9908-A03412,Bike,Petrol,Private
MH12-1981-D03413,Bike,Petrol,Private
MH12-1425-Q03414,Taxi,Petrol,Commercial
DL08-1567-Q03415,Bike,Petrol,Private
GJ01-1675-R03416,Car,CNG,Private
MH20-2965-A03417,Bike,Petrol,Private
KA05-7676-D03418,Truck,CNG,Commercial
MH20-9964-C03419,Car,Diesel,Private
DL08-7669-B03420,Car,Electric,Private
KA05-5802-E03421,Car,Petrol,Private
MH12-3360-L03422,Bike,Petrol,Commercial
MH14-3325-A03423,Car,Diesel,Private
UP32-3953-N03424,Bus,Diesel,Commercial
MH20-7892-M03425,Car,Petrol,Private
GJ01-2292-Q03426,Car,Diesel,Private
MH20-5429-M03427,Bike,Petrol,Private
MH14-7263-B03428,Bike,Petrol,Private
TN09-9798-C03429,Auto,Petrol,Commercial
GJ01-5678-P03430,Bike,Petrol,Private
GJ01-3079-G03431,Auto,Diesel,Commercial
MH12-9195-J03432,Taxi,Petrol,Commercial
DL08-8181-C03433,Car,Electric,Private
KA05-3140-C03434,Car,Petrol,Private
DL08-7439-E03435,Bike,Petrol,Private
KA05-9852-J03436,Taxi,Diesel,Commercial
MH12-9260-F03437,Car,Petrol,Private
TN09-5494-P03438,Bike,Petrol,Private
MH14-3727-G03439,Car,CNG,Private
MH20-1238-M03440,Taxi,Electric,Commercial
DL08-4568-A03441,Car,Petrol,Private
DL08-5779-N03442,Bike,Petrol,Private
MH12-9456-C03443,Bike,Petrol,Private
MH12-2512-N03444,Auto,Diesel,Commercial
MH20-4851-E03445,Auto,Diesel,Commercial
UP32-9715-Q03446,Car,CNG,Private
TN09-5918-C03447,Bike,Electric,Commercial
UP32-5227-N03448,Bike,Petrol,Private
KA05-4590-H03449,Taxi,Petrol,Commercial
DL08-8301-C03450,Truck,CNG,Commercial
MH14-6215-C03451,Bike,Petrol,Private
KA05-6402-E03452,Bike,Petrol,Commercial
MH12-4098-J03453,Car,CNG,Private
DL08-6307-H03454,Car,Petrol,Private
GJ01-5102-K03455,Bike,Petrol,Private
GJ01-8235-E03456,Truck,Diesel,Commercial
MH20-5374-A03457,Car,CNG,Private
MH14-9306-E03458,Bike,Electric,Private
KA05-1018-E03459,Bike,Electric,Private
TN09-9205-C03460,Car,Diesel,Private
UP32-4725-M03461,Truck,Diesel,Commercial
KA05-3617-H03462,Car,Petrol,Private
MH14-3612-D03463,Car,Electric,Private
TN09-2756-D03464,Car,Diesel,Commercial
TN09-6668-A03465,Bike,Petrol,Commercial
MH12-1996-Q03466,Bike,Petrol,Private
GJ01-1385-B03467,Car,Petrol,Private
UP32-2419-A03468,Bike,Petrol,Commercial
DL08-3083-P03469,Truck,Diesel,Commercial
MH12-5333-M03470,Car,Petrol,Private
TN09-4676-J03471,Bike,Petrol,Private
KA05-3911-E03472,Taxi,Electric,Commercial
DL08-5912-N03473,Bike,Petrol,Private
TN09-4876-A03474,Bike,Petrol,Private
DL08-6064-R03475,Auto,CNG,Commercial
TN09-7911-C03476,Car,Diesel,Private
TN09-2663-E03477,Car,CNG,Private
UP32-1062-N03478,Car,CNG,Private
TN09-7556-E03479,Bike,Electric,Private
UP32-7697-Q03480,Car,Diesel,Private
KA05-8754-Q03481,Auto,CNG,Commercial
MH12-4402-M03482,Auto,Petrol,Commercial
MH14-9360-K03483,Bike,Petrol,Private
MH20-3057-H03484,Car,Petrol,Private
MH12-6033-P03485,Car,CNG,Private
MH14-3470-C03486,Bike,Petrol,Private
TN09-3680-M03487,Bus,Diesel,Commercial
MH12-7548-J03488,Auto,CNG,Commercial
MH14-3027-D03489,Bike,Petrol,Private
MH14-9703-E03490,Auto,Diesel,Commercial
GJ01-4825-K03491,Car,Petrol,Private
MH20-2061-J03492,Auto,Diesel,Commercial
MH12-7638-N03493,Bike,Petrol,Private
MH14-2650-B03494,Bike,Petrol,Private
KA05-4212-J03495,Truck,Diesel,Commercial
DL08-1480-D03496,Auto,CNG,Commercial
GJ01-1068-H03497,Car,Diesel,Private
GJ01-1866-B03498,Auto,Petrol,Commercial
DL08-2720-Q03499,Car,Diesel,Private
MH12-2313-C03500,Bike,Petrol,Private
KA05-8779-D03501,Car,Petrol,Private
MH14-8645-P03502,Bike,Petrol,Private
GJ01-3549-M03503,Truck,Diesel,Commercial
MH12-9312-J03504,Bike,Petrol,Private
UP32-9583-L03505,Bus,CNG,Commercial
MH14-2262-G03506,Taxi,Electric,Commercial
TN09-9685-F03507,Bike,Petrol,Private
UP32-9562-A03508,Taxi,Diesel,Commercial
MH12-4714-Q03509,Auto,Petrol,Commercial
GJ01-1450-D03510,Bike,Petrol,Private
MH20-4322-N03511,Bus,Diesel,Commercial
MH14-9773-G03512,Bike,Petrol,Private
GJ01-2737-A03513,Car,Petrol,Private
TN09-6765-Q03514,Car,CNG,Private
KA05-5803-G03515,Car,CNG,Private
MH20-3658-D03516,Truck,Diesel,Commercial
GJ01-7265-M03517,Car,CNG,Private
MH12-7372-Q03518,Auto,Diesel,Commercial
GJ01-2939-H03519,Bike,Petrol,Commercial
MH20-2465-L03520,Taxi,Petrol,Commercial
GJ01-5885-E03521,Car,Petrol,Private
DL08-4237-M03522,Taxi,Petrol,Commercial
KA05-3564-K03523,Taxi,CNG,Commercial
MH14-9817-H03524,Auto,Diesel,Commercial
KA05-9247-C03525,Car,Petrol,Private
GJ01-2222-A03526,Truck,Diesel,Commercial
MH20-2653-M03527,Car,Electric,Private
GJ01-5764-N03528,Auto,CNG,Commercial
TN09-4812-K03529,Car,Diesel,Private
MH14-5524-R03530,Car,Petrol,Private
GJ01-3003-L03531,Car,Diesel,Private
MH14-3241-C03532,Car,Electric,Commercial
MH14-3195-H03533,Car,Diesel,Private
MH14-6592-M03534,Bike,Petrol,Private
MH12-8567-F03535,Taxi,Petrol,Commercial
MH20-5843-K03536,Bike,Petrol,Private
KA05-7927-Q03537,Taxi,Diesel,Commercial
MH14-8234-D03538,Car,Petrol,Private
UP32-3007-M03539,Bus,Diesel,Commercial
UP32-9709-H03540,Car,Diesel,Private
UP32-6210-K03541,Car,Electric,Private
UP32-5857-C03542,Auto,CNG,Commercial
TN09-8520-F03543,Bike,Petrol,Private
KA05-7462-N03544,Car,Electric,Commercial
KA05-1748-Q03545,Car,Petrol,Private
GJ01-4389-E03546,Car,Diesel,Private
DL08-6542-G03547,Bus,Diesel,Commercial
GJ01-8796-P03548,Taxi,Diesel,Commercial
MH20-4569-P03549,Bike,Petrol,Private
GJ01-1494-J03550,Bike,Petrol,Commercial
DL08-3889-B03551,Taxi,Diesel,Commercial
DL08-5255-A03552,Auto,Petrol,Commercial
MH20-8770-G03553,Car,Diesel,Private
TN09-8362-P03554,Taxi,Electric,Commercial
TN09-4143-L03555,Auto,Petrol,Commercial
UP32-9195-Q03556,Car,Diesel,Private
GJ01-2261-A03557,Car,Petrol,Private
MH20-8812-G03558,Car,CNG,Private
DL08-3953-B03559,Car,CNG,Private
UP32-2692-D03560,Bike,Petrol,Private
UP32-7978-D03561,Bus,CNG,Commercial
MH20-1937-K03562,Car,Petrol,Commercial
KA05-5394-N03563,Bike,Petrol,Private
MH14-7960-A03564,Bike,Petrol,Commercial
MH12-3952-P03565,Car,Electric,Commercial
MH12-2567-J03566,Auto,Petrol,Commercial
UP32-2268-B03567,Bike,Petrol,Private
UP32-1316-G03568,Car,CNG,Private
UP32-1644-L03569,Taxi,Diesel,Commercial
KA05-4248-G03570,Taxi,Petrol,Commercial
MH20-5158-J03571,Bus,Diesel,Commercial
MH14-8218-F03572,Car,Diesel,Private
DL08-1087-H03573,Bike,Electric,Private
TN09-5261-B03574,Bike,Petrol,Private
TN09-2781-H03575,Auto,CNG,Commercial
UP32-3588-R03576,Car,Petrol,Commercial
MH14-7350-H03577,Car,Petrol,Private
GJ01-1974-E03578,Taxi,CNG,Commercial
UP32-7473-L03579,Auto,CNG,Commercial
MH20-5976-M03580,Bike,Electric,Private
TN09-1383-Q03581,Car,CNG,Private
KA05-1045-P03582,Bike,Petrol,Commercial
MH12-3779-B03583,Auto,Diesel,Commercial
MH14-3814-B03584,Auto,Petrol,Commercial
TN09-5903-H03585,Auto,Diesel,Commercial
MH12-4689-F03586,Car,CNG,Private
DL08-3839-A03587,Car,Electric,Private
MH20-7131-L03588,Car,Petrol,Commercial
DL08-6531-K03589,Car,Petrol,Private
DL08-7632-K03590,Truck,Diesel,Commercial
DL08-5023-G03591,Car,CNG,Private
MH20-7991-E03592,Car,Petrol,Private
DL08-3006-E03593,Bike,Petrol,Private
MH14-3649-B03594,Auto,Petrol,Commercial
GJ01-6129-E03595,Car,Electric,Private
UP32-7577-G03596,Car,Petrol,Private
KA05-3622-C03597,Bike,Electric,Private
KA05-2522-G03598,Bike,Electric,Private
MH14-3169-F03599,Taxi,Petrol,Commercial
DL08-2636-R03600,Car,Petrol,Private
GJ01-5490-R03601,Car,Petrol,Private
GJ01-5126-N03602,Bike,Petrol,Commercial
GJ01-2973-Q03603,Auto,CNG,Commercial
MH12-3594-J03604,Car,Petrol,Private
MH20-2734-C03605,Car,Petrol,Private
MH12-6206-D03606,Car,Petrol,Private
MH14-5907-H03607,Car,Diesel,Private
UP32-8552-E03608,Truck,Diesel,Commercial
MH20-7133-J03609,Bike,Electric,Private
DL08-5167-L03610,Car,CNG,Private
MH20-1121-K03611,Car,CNG,Private
UP32-7262-G03612,Car,Electric,Commercial
GJ01-6804-D03613,Auto,Petrol,Commercial
MH12-3718-L03614,Bike,Petrol,Private
GJ01-5504-B03615,Car,CNG,Private
TN09-9639-G03616,Bike,Petrol,Private
TN09-8163-R03617,Taxi,Petrol,Commercial
MH12-9321-J03618,Auto,Petrol,Commercial
MH20-6937-K03619,Car,Electric,Commercial
TN09-7115-C03620,Bike,Petrol,Private
MH20-4007-M03621,Bike,Petrol,Private
GJ01-3752-K03622,Car,Petrol,Private
KA05-3953-A03623,Car,Petrol,Commercial
DL08-5481-C03624,Auto,Petrol,Commercial
MH12-1220-P03625,Bike,Petrol,Private
MH20-7715-N03626,Bike,Petrol,Commercial
MH12-6919-P03627,Truck,Diesel,Commercial
KA05-1644-A03628,Car,CNG,Private
MH14-4598-H03629,Car,Petrol,Private
MH20-3626-K03630,Bike,Petrol,Private
DL08-7263-A03631,Taxi,Diesel,Commercial
MH12-9665-E03632,Bike,Petrol,Private
KA05-7557-D03633,Car,Electric,Private
MH12-8766-P03634,Bus,CNG,Commercial
DL08-9613-M03635,Bike,Petrol,Private
MH20-4274-J03636,Car,Petrol,Private
MH20-4652-D03637,Bike,Petrol,Commercial
GJ01-2878-A03638,Car,Diesel,Private
MH14-8131-K03639,Car,Petrol,Private
TN09-5522-K03640,Car,Petrol,Private
UP32-8698-N03641,Bike,Petrol,Private
MH12-7913-G03642,Bike,Petrol,Private
MH12-5545-P03643,Car,CNG,Private
MH14-9382-Q03644,Truck,Diesel,Commercial
UP32-4093-F03645,Car,Petrol,Private
KA05-4591-Q03646,Truck,Diesel,Commercial
MH14-9129-F03647,Auto,Petrol,Commercial
TN09-4217-N03648,Bike,Petrol,Private
MH12-3711-M03649,Auto,CNG,Commercial
TN09-4692-N03650,Auto,CNG,Commercial
MH12-5601-Q03651,Car,Petrol,Private
KA05-2035-A03652,Auto,Electric,Commercial
TN09-4721-L03653,Car,Diesel,Private
KA05-3857-C03654,Auto,Petrol,Commercial
TN09-1262-B03655,Car,Diesel,Private
KA05-8001-B03656,Bike,Petrol,Private
MH14-5810-H03657,Bike,Petrol,Commercial
KA05-4477-Q03658,Bike,Petrol,Private
UP32-6757-P03659,Car,Petrol,Private
GJ01-4831-N03660,Bike,Petrol,Private
MH14-7025-K03661,Taxi,CNG,Commercial
TN09-9479-B03662,Car,Electric,Private
MH20-2802-A03663,Bike,Petrol,Private
UP32-7308-A03664,Car,Petrol,Private
GJ01-1545-L03665,Bike,Electric,Private
KA05-7960-H03666,Car,Petrol,Private
DL08-1364-N03667,Bike,Petrol,Private
MH20-3998-F03668,Truck,Diesel,Commercial
UP32-5607-C03669,Truck,Diesel,Commercial
UP32-9324-P03670,Auto,Petrol,Commercial
TN09-1764-N03671,Bike,Petrol,Private
KA05-3771-R03672,Bike,Electric,Private
TN09-1358-K03673,Bus,Diesel,Commercial
MH14-8461-B03674,Car,Petrol,Commercial
MH14-9930-N03675,Bike,Petrol,Private
DL08-4060-B03676,Bike,Petrol,Private
MH12-8775-G03677,Car,Electric,Private
MH14-9790-F03678,Car,Diesel,Private
TN09-4343-H03679,Bike,Petrol,Private
MH12-9747-P03680,Truck,CNG,Commercial
KA05-3811-N03681,Car,Diesel,Private
DL08-2427-H03682,Car,Electric,Private
MH12-2850-K03683,Taxi,Petrol,Commercial
GJ01-8366-A03684,Bike,Electric,Private
TN09-9824-Q03685,Car,Petrol,Private
MH20-5449-H03686,Taxi,Diesel,Commercial
KA05-5019-B03687,Bike,Petrol,Private
MH14-8633-D03688,Auto,Petrol,Commercial
MH12-7330-N03689,Bike,Electric,Private
MH14-6631-B03690,Car,Petrol,Private
MH20-9372-C03691,Car,Petrol,Private
MH12-2874-R03692,Bike,Petrol,Private
KA05-1696-Q03693,Car,CNG,Private
MH12-9480-C03694,Bike,Petrol,Private
GJ01-3848-K03695,Bike,Petrol,Private
MH12-1315-Q03696,Car,Petrol,Private
TN09-4012-Q03697,Bike,Petrol,Private
MH12-7930-D03698,Bike,Petrol,Commercial
MH14-3809-R03699,Bike,Petrol,Private
MH20-1274-H03700,Bike,Petrol,Private
MH20-7902-G03701,Bike,Petrol,Commercial
DL08-6342-N03702,Car,Diesel,Private
UP32-1096-C03703,Car,Petrol,Private
MH20-5886-F03704,Car,Diesel,Private
MH12-2474-E03705,Bike,Electric,Private
MH20-5362-Q03706,Car,Petrol,Private
DL08-7172-Q03707,Auto,Petrol,Commercial
KA05-4969-N03708,Truck,Diesel,Commercial
KA05-1688-M03709,Bus,Diesel,Commercial
GJ01-5191-C03710,Auto,Diesel,Commercial
TN09-5561-A03711,Bus,CNG,Commercial
KA05-9356-E03712,Truck,Diesel,Commercial
UP32-9165-H03713,Truck,Diesel,Commercial
GJ01-7735-E03714,Car,Electric,Commercial
MH12-7244-N03715,Car,CNG,Private
GJ01-5648-C03716,Bike,Petrol,Private
UP32-3853-E03717,Bike,Petrol,Commercial
GJ01-4023-F03718,Car,Electric,Private
GJ01-7831-N03719,Car,Petrol,Private
GJ01-3898-G03720,Taxi,CNG,Commercial
MH20-9981-H03721,Bike,Petrol,Private
GJ01-9433-Q03722,Auto,CNG,Commercial
MH20-7097-P03723,Bike,Petrol,Private
MH20-1800-J03724,Car,CNG,Private
DL08-9648-G03725,Car,Electric,Private
MH20-7593-A03726,Car,Petrol,Commercial
MH12-8641-N03727,Car,Petrol,Private
MH14-5996-H03728,Auto,CNG,Commercial
MH14-4567-K03729,Truck,Diesel,Commercial
UP32-6265-E03730,Car,Electric,Private
MH12-9849-P03731,Bike,Petrol,Private
MH20-3218-K03732,Bike,Electric,Private
MH20-1911-F03733,Taxi,Petrol,Commercial
MH12-8937-P03734,Bus,Diesel,Commercial
MH14-5276-N03735,Taxi,Petrol,Commercial
MH12-7062-N03736,Taxi,Diesel,Commercial
MH14-8763-M03737,Truck,Diesel,Commercial
UP32-7692-P03738,Taxi,Petrol,Commercial
TN09-8869-E03739,Bike,Petrol,Private
KA05-1110-K03740,Auto,Petrol,Commercial
UP32-5220-D03741,Taxi,CNG,Commercial
MH14-4181-R03742,Car,Diesel,Private
MH12-1849-R03743,Bike,Petrol,Private
UP32-6728-B03744,Car,Petrol,Private
MH20-1737-E03745,Bike,Petrol,Private
MH14-4248-R03746,Auto,Petrol,Commercial
DL08-5886-F03747,Bike,Petrol,Commercial
UP32-5695-A03748,Car,CNG,Private
GJ01-3108-H03749,Car,Petrol,Private
MH12-8707-P03750,Taxi,Petrol,Commercial
MH14-8720-B03751,Auto,Electric,Commercial
TN09-2471-R03752,Auto,Diesel,Commercial
MH20-9818-M03753,Taxi,Petrol,Commercial
DL08-5190-B03754,Bike,Petrol,Private
MH12-6641-M03755,Auto,Diesel,Commercial
MH14-6258-Q03756,Car,Petrol,Private
TN09-5077-D03757,Bike,Electric,Private
UP32-1044-B03758,Bike,Petrol,Private
MH12-6103-L03759,Truck,CNG,Commercial
KA05-1301-H03760,Car,Diesel,Private
MH20-2334-A03761,Bike,Petrol,Private
MH20-1653-H03762,Bike,Petrol,Commercial
GJ01-5566-A03763,Bike,Petrol,Private
GJ01-6270-F03764,Car,Diesel,Private
GJ01-5628-P03765,Taxi,CNG,Commercial
DL08-4878-L03766,Car,CNG,Private
DL08-8674-K03767,Car,Petrol,Private
MH12-8077-R03768,Truck,Diesel,Commercial
UP32-1697-F03769,Auto,Petrol,Commercial
MH14-2518-K03770,Auto,CNG,Commercial
DL08-3379-N03771,Car,Petrol,Private
TN09-1770-L03772,Bike,Petrol,Private
MH14-2825-N03773,Car,Petrol,Commercial
MH20-3404-A03774,Auto,Petrol,Commercial
UP32-1114-R03775,Bike,Petrol,Private
KA05-8868-B03776,Auto,CNG,Commercial
MH20-4222-C03777,Auto,Petrol,Commercial
GJ01-2203-L03778,Car,CNG,Private
UP32-7348-P03779,Bike,Petrol,Private
GJ01-1045-M03780,Car,Petrol,Private
MH14-9759-K03781,Auto,Petrol,Commercial
UP32-1097-G03782,Bike,Electric,Private
MH12-7444-H03783,Car,Petrol,Private
MH12-7077-B03784,Bike,Petrol,Private
GJ01-5357-A03785,Bike,Petrol,Private
DL08-1717-D03786,Car,Electric,Private
MH12-3345-M03787,Auto,Petrol,Commercial
TN09-3589-G03788,Bike,Petrol,Private
UP32-7007-H03789,Bike,Electric,Private
GJ01-1682-B03790,Bus,Diesel,Commercial
MH12-3179-Q03791,Bike,Petrol,Private
KA05-6270-J03792,Bike,Petrol,Commercial
MH20-1718-L03793,Bike,Petrol,Private
KA05-6396-H03794,Bike,Petrol,Private
MH14-9978-N03795,Car,Petrol,Private
KA05-6409-N03796,Car,Electric,Private
TN09-3447-D03797,Car,Diesel,Private
GJ01-7224-A03798,Car,Petrol,Private
GJ01-3286-K03799,Car,Diesel,Private
UP32-3527-P03800,Car,Electric,Private
TN09-2030-M03801,Car,Diesel,Private
DL08-1071-C03802,Bike,Petrol,Private
MH14-7933-R03803,Bike,Petrol,Private
UP32-2013-M03804,Car,Petrol,Private
DL08-6347-K03805,Car,Petrol,Private
KA05-6986-G03806,Auto,Petrol,Commercial
UP32-1891-L03807,Bus,Diesel,Commercial
MH14-9596-N03808,Car,Petrol,Private
GJ01-4519-P03809,Car,Petrol,Commercial
DL08-6280-R03810,Bike,Petrol,Private
MH12-7131-Q03811,Bike,Petrol,Private
UP32-8766-C03812,Car,Diesel,Private
MH14-4041-F03813,Car,Petrol,Private
DL08-4107-E03814,Bike,Petrol,Private
MH20-4446-N03815,Bike,Petrol,Private
MH20-6278-H03816,Truck,Diesel,Commercial
UP32-7161-F03817,Bus,Diesel,Commercial
DL08-3612-H03818,Bike,Petrol,Commercial
MH12-3239-H03819,Bike,Petrol,Private
MH12-2069-P03820,Car,Diesel,Private
KA05-5806-E03821,Auto,Petrol,Commercial
MH14-9606-E03822,Car,CNG,Private
TN09-6260-C03823,Auto,Petrol,Commercial
TN09-3078-N03824,Car,Petrol,Commercial
MH14-4305-H03825,Car,Petrol,Private
KA05-5028-G03826,Bus,Diesel,Commercial
GJ01-3466-E03827,Car,Diesel,Private
MH14-7785-B03828,Car,Electric,Private
UP32-1463-Q03829,Car,Petrol,Private
GJ01-1566-L03830,Car,Diesel,Private
KA05-3216-K03831,Bike,Petrol,Private
KA05-1878-E03832,Bike,Electric,Private
GJ01-8753-M03833,Auto,Diesel,Commercial
GJ01-3256-M03834,Bike,Petrol,Private
MH20-1225-B03835,Taxi,Petrol,Commercial
TN09-7611-J03836,Bike,Electric,Private
UP32-5378-L03837,Car,Diesel,Private
DL08-8936-J03838,Car,CNG,Private
GJ01-1563-L03839,Car,CNG,Private
DL08-3341-P03840,Car,CNG,Private
MH20-4644-J03841,Car,CNG,Private
MH14-2709-L03842,Car,Diesel,Private
KA05-1266-A03843,Car,Diesel,Private
MH20-3252-G03844,Bike,Petrol,Commercial
KA05-9154-K03845,Auto,Petrol,Commercial
MH20-6587-N03846,Truck,Diesel,Commercial
UP32-2052-E03847,Auto,Electric,Commercial
UP32-9615-R03848,Car,Petrol,Private
KA05-2104-N03849,Taxi,Diesel,Commercial
MH14-4275-J03850,Bike,Petrol,Private
KA05-7412-A03851,Car,CNG,Private
UP32-5412-N03852,Bike,Petrol,Private
MH12-8287-E03853,Car,Petrol,Private
MH12-3305-P03854,Car,Petrol,Private
GJ01-6286-M03855,Car,Electric,Private
GJ01-5551-L03856,Auto,Diesel,Commercial
GJ01-6283-L03857,Taxi,CNG,Commercial
UP32-6768-D03858,Bike,Electric,Private
KA05-1093-A03859,Bike,Petrol,Private
GJ01-9699-E03860,Car,Petrol,Private
GJ01-6781-J03861,Car,Petrol,Private
KA05-5260-C03862,Truck,Diesel,Commercial
UP32-5851-A03863,Bike,Petrol,Private
GJ01-9755-P03864,Car,Petrol,Private
UP32-1686-C03865,Bus,Diesel,Commercial
GJ01-4178-B03866,Taxi,CNG,Commercial
KA05-3521-G03867,Car,Diesel,Private
TN09-1794-H03868,Car,Petrol,Private
MH14-4483-J03869,Truck,Diesel,Commercial
GJ01-2084-R03870,Car,Diesel,Commercial
UP32-3210-J03871,Truck,Diesel,Commercial
KA05-2794-G03872,Car,Petrol,Private
KA05-6206-B03873,Bike,Petrol,Private
UP32-5901-A03874,Auto,Diesel,Commercial
DL08-5115-A03875,Bike,Electric,Private
MH12-3299-P03876,Bike,Petrol,Private
MH20-1725-H03877,Car,Electric,Private
MH20-6441-J03878,Bike,Petrol,Commercial
KA05-3516-B03879,Bike,Petrol,Private
UP32-8719-K03880,Bike,Petrol,Private
MH14-6058-C03881,Bike,Petrol,Private
MH20-4300-A03882,Car,Diesel,Private
TN09-9519-N03883,Car,Diesel,Private
GJ01-3607-H03884,Car,Diesel,Private
GJ01-1510-M03885,Taxi,CNG,Commercial
KA05-3715-Q03886,Bike,Petrol,Private
DL08-2616-Q03887,Taxi,Petrol,Commercial
GJ01-3978-G03888,Car,Diesel,Private
TN09-2511-C03889,Auto,Diesel,Commercial
KA05-3403-N03890,Bike,Petrol,Private
GJ01-9990-A03891,Bike,Electric,Commercial
UP32-3366-H03892,Car,Diesel,Private
MH12-3482-F03893,Bike,Petrol,Private
MH12-8019-L03894,Bike,Petrol,Commercial
UP32-1911-J03895,Auto,CNG,Commercial
TN09-5251-C03896,Taxi,Diesel,Commercial
UP32-6143-L03897,Bike,Petrol,Private
MH12-8412-G03898,Taxi,Diesel,Commercial
MH14-6249-R03899,Car,Diesel,Private
GJ01-3746-N03900,Car,CNG,Private
UP32-7734-G03901,Car,Diesel,Commercial
UP32-7530-C03902,Taxi,Petrol,Commercial
MH14-3955-D03903,Bike,Electric,Private
TN09-2445-D03904,Bike,Petrol,Private
GJ01-2610-E03905,Auto,CNG,Commercial
UP32-1115-N03906,Car,Petrol,Private
MH12-2940-B03907,Taxi,Diesel,Commercial
UP32-3404-E03908,Car,Petrol,Private
KA05-9378-P03909,Car,Diesel,Private
MH12-4974-L03910,Bike,Petrol,Private
GJ01-9496-H03911,Bike,Electric,Private
UP32-1217-R03912,Bike,Petrol,Private
DL08-2640-L03913,Auto,Petrol,Commercial
TN09-8208-B03914,Bike,Petrol,Private
DL08-9463-J03915,Bike,Petrol,Private
TN09-9341-G03916,Car,Petrol,Private
UP32-1842-D03917,Car,CNG,Commercial
TN09-1806-G03918,Taxi,Petrol,Commercial
MH14-6313-N03919,Taxi,CNG,Commercial
MH14-1613-Q03920,Auto,CNG,Commercial
UP32-9810-B03921,Bike,Electric,Private
KA05-5374-M03922,Bike,Petrol,Private
UP32-5807-A03923,Bike,Electric,Commercial
GJ01-8000-K03924,Bus,CNG,Commercial
DL08-3207-L03925,Car,Diesel,Private
DL08-2950-M03926,Bike,Petrol,Private
MH20-3413-Q03927,Bike,Petrol,Private
DL08-1618-E03928,Taxi,Diesel,Commercial
TN09-5985-F03929,Car,Electric,Private
MH14-7158-M03930,Car,Petrol,Private
DL08-8091-N03931,Auto,Petrol,Commercial
DL08-5913-K03932,Bike,Petrol,Private
GJ01-3894-D03933,Auto,Petrol,Commercial
TN09-9925-K03934,Bike,Petrol,Commercial
MH14-7958-C03935,Bike,Petrol,Private
MH20-2260-D03936,Taxi,Petrol,Commercial
KA05-2620-H03937,Bike,Petrol,Private
UP32-7334-B03938,Car,CNG,Private
UP32-8368-K03939,Bike,Petrol,Commercial
MH20-9782-N03940,Bike,Petrol,Private
DL08-1469-E03941,Car,Petrol,Commercial
MH12-7299-F03942,Bike,Petrol,Commercial
UP32-8531-D03943,Bike,Petrol,Private
GJ01-2277-A03944,Bike,Petrol,Private
DL08-5552-F03945,Bike,Petrol,Commercial
MH20-3189-H03946,Car,Petrol,Private
DL08-8171-P03947,Car,Diesel,Commercial
MH12-2536-R03948,Bike,Electric,Private
KA05-5523-N03949,Car,Petrol,Private
DL08-5019-M03950,Bike,Petrol,Private
TN09-8115-K03951,Bike,Petrol,Private
MH14-7287-H03952,Bus,Diesel,Commercial
DL08-2089-M03953,Car,CNG,Private
TN09-6832-F03954,Truck,Diesel,Commercial
UP32-7154-J03955,Bike,Petrol,Private
DL08-9971-L03956,Car,Petrol,Private
TN09-2041-G03957,Bus,CNG,Commercial
KA05-5727-J03958,Auto,CNG,Commercial
MH20-3958-H03959,Bike,Petrol,Private
DL08-2083-J03960,Auto,Electric,Commercial
MH14-7124-R03961,Car,Petrol,Private
MH14-2875-J03962,Car,Diesel,Private
UP32-6190-G03963,Bike,Petrol,Commercial
MH12-6279-K03964,Car,Petrol,Private
MH14-9418-G03965,Bike,Petrol,Private
MH12-1979-D03966,Bike,Petrol,Private
MH14-6112-G03967,Taxi,Diesel,Commercial
MH14-5098-H03968,Car,Petrol,Private
MH14-1242-R03969,Car,CNG,Private
MH12-7641-L03970,Bike,Petrol,Private
MH12-7660-A03971,Auto,Petrol,Commercial
DL08-5004-C03972,Bike,Petrol,Private
DL08-1200-N03973,Auto,Petrol,Commercial
MH12-4031-P03974,Car,CNG,Commercial
TN09-1309-L03975,Auto,Electric,Commercial
KA05-2565-D03976,Car,Petrol,Private
UP32-1600-D03977,Bike,Petrol,Private
MH20-1312-D03978,Auto,Electric,Commercial
DL08-4371-E03979,Bike,Petrol,Commercial
MH12-6234-H03980,Car,CNG,Private
MH20-1773-M03981,Car,Petrol,Private
MH12-2237-D03982,Car,CNG,Private
DL08-2655-G03983,Car,Petrol,Private
GJ01-2912-G03984,Car,Petrol,Private
GJ01-5641-L03985,Car,Petrol,Private
KA05-5881-Q03986,Bike,Petrol,Private
GJ01-8035-G03987,Car,Petrol,Private
TN09-5055-P03988,Auto,CNG,Commercial
UP32-4973-J03989,Bike,Petrol,Private
MH20-8731-H03990,Bike,Petrol,Private
MH20-7285-N03991,Car,Petrol,Private
KA05-8994-N03992,Bus,CNG,Commercial
DL08-9370-B03993,Bike,Petrol,Private
KA05-8745-M03994,Car,Petrol,Private
TN09-3609-K03995,Bike,Electric,Private
GJ01-8115-L03996,Taxi,Diesel,Commercial
GJ01-3085-L03997,Car,CNG,Private
GJ01-9091-E03998,Car,Petrol,Private
UP32-7854-G03999,Car,CNG,Private
KA05-4481-K04000,Car,Petrol,Private
DL08-1428-P04001,Auto,CNG,Commercial
MH20-5850-R04002,Bike,Petrol,Private
MH14-7803-D04003,Bike,Petrol,Private
MH14-2663-N04004,Taxi,CNG,Commercial
DL08-8567-C04005,Bike,Petrol,Private
UP32-3143-N04006,Bus,Diesel,Commercial
MH12-2563-J04007,Auto,Diesel,Commercial
UP32-1312-E04008,Bike,Petrol,Private
MH20-3006-K04009,Car,Petrol,Private
UP32-7502-F04010,Auto,Petrol,Commercial
MH20-3694-N04011,Car,CNG,Private
DL08-4133-D04012,Auto,Diesel,Commercial
KA05-1185-G04013,Auto,Petrol,Commercial
MH14-2799-F04014,Bike,Petrol,Private
KA05-8539-C04015,Bike,Petrol,Private
GJ01-4673-G04016,Auto,Petrol,Commercial
MH12-2718-N04017,Bike,Petrol,Private
MH12-2861-N04018,Auto,CNG,Commercial
KA05-1555-C04019,Car,Petrol,Private
DL08-8802-P04020,Taxi,CNG,Commercial
DL08-5483-D04021,Bike,Petrol,Private
KA05-2451-B04022,Bike,Electric,Commercial
DL08-1617-C04023,Bike,Electric,Commercial
GJ01-1170-K04024,Car,Diesel,Private
MH14-1408-B04025,Auto,CNG,Commercial
MH20-1633-E04026,Bike,Petrol,Private
GJ01-2950-N04027,Bike,Electric,Commercial
MH14-1648-H04028,Auto,Petrol,Commercial
DL08-5224-L04029,Car,Petrol,Private
MH12-4432-L04030,Car,Petrol,Private
MH14-8957-D04031,Auto,Petrol,Commercial
MH12-2308-L04032,Bike,Petrol,Private
MH14-9118-D04033,Auto,Petrol,Commercial
MH14-6069-A04034,Car,Electric,Private
MH12-3647-C04035,Bike,Petrol,Private
UP32-5900-L04036,Bus,Diesel,Commercial
MH14-4491-P04037,Bike,Petrol,Private
KA05-8023-G04038,Bike,Petrol,Private
MH14-1614-R04039,Auto,Petrol,Commercial
GJ01-3000-K04040,Taxi,Petrol,Commercial
MH14-6707-K04041,Bike,Electric,Private
TN09-4568-L04042,Car,Petrol,Private
MH20-7365-C04043,Bike,Petrol,Private
MH20-6294-F04044,Bike,Petrol,Private
MH14-1033-E04045,Car,Diesel,Private
MH14-8643-J04046,Auto,Diesel,Commercial
TN09-7978-N04047,Truck,Diesel,Commercial
DL08-1956-A04048,Bike,Petrol,Private
TN09-8089-Q04049,Bike,Petrol,Private
TN09-6964-K04050,Bike,Electric,Commercial
MH14-8465-E04051,Car,Petrol,Private
GJ01-7012-A04052,Bike,Petrol,Commercial
MH12-2359-K04053,Bike,Electric,Private
DL08-1083-N04054,Car,Diesel,Commercial
MH20-5270-B04055,Bike,Petrol,Private
MH14-1084-A04056,Auto,Electric,Commercial
GJ01-7703-B04057,Taxi,Diesel,Commercial
MH14-8960-E04058,Taxi,Diesel,Commercial
GJ01-3760-G04059,Car,Diesel,Private
MH20-3293-H04060,Bike,Petrol,Private
MH20-5651-A04061,Car,Diesel,Private
DL08-6864-K04062,Truck,Diesel,Commercial
MH12-5390-Q04063,Car,Diesel,Private
MH14-2891-H04064,Bike,Petrol,Private
TN09-4182-L04065,Truck,CNG,Commercial
MH20-3698-E04066,Taxi,Electric,Commercial
GJ01-5739-D04067,Car,Diesel,Commercial
UP32-1670-Q04068,Bike,Petrol,Private
MH12-2192-A04069,Taxi,CNG,Commercial
KA05-6397-H04070,Car,Petrol,Private
MH20-9364-D04071,Truck,CNG,Commercial
UP32-7717-Q04072,Car,Petrol,Commercial
MH12-3871-C04073,Car,Diesel,Private
DL08-1369-N04074,Taxi,Petrol,Commercial
MH12-4724-Q04075,Bike,Petrol,Private
MH14-4635-Q04076,Auto,Petrol,Commercial
DL08-7594-A04077,Truck,Diesel,Commercial
TN09-6643-R04078,Car,CNG,Private
MH12-9924-J04079,Car,Petrol,Commercial
GJ01-8043-B04080,Car,Diesel,Private
GJ01-1242-N04081,Car,Petrol,Private
UP32-4941-H04082,Car,Diesel,Private
MH12-2359-N04083,Bike,Petrol,Private
DL08-7852-C04084,Car,Petrol,Commercial
TN09-4603-A04085,Car,Diesel,Private
MH20-7517-K04086,Auto,Petrol,Commercial
UP32-3954-L04087,Bike,Petrol,Private
MH20-4938-E04088,Bike,Electric,Private
MH12-1522-J04089,Car,Petrol,Private
TN09-6603-H04090,Car,Electric,Private
TN09-6166-Q04091,Car,Petrol,Commercial
GJ01-3852-R04092,Taxi,Diesel,Commercial
MH20-5547-F04093,Bike,Petrol,Private
DL08-4631-E04094,Taxi,Diesel,Commercial
KA05-6879-F04095,Car,Electric,Private
MH20-9607-N04096,Car,Petrol,Private
MH20-8128-N04097,Truck,Diesel,Commercial
MH14-8251-F04098,Truck,Diesel,Commercial
MH20-3274-E04099,Car,Petrol,Private
MH20-2953-M04100,Bike,Petrol,Private
GJ01-4439-R04101,Truck,CNG,Commercial
GJ01-4625-E04102,Bus,CNG,Commercial
DL08-2984-H04103,Auto,Diesel,Commercial
KA05-9710-M04104,Bike,Petrol,Private
MH12-2740-H04105,Bike,Petrol,Private
UP32-8982-C04106,Bike,Petrol,Private
MH20-6596-P04107,Bike,Petrol,Private
GJ01-5600-R04108,Bus,Diesel,Commercial
TN09-6064-A04109,Auto,CNG,Commercial
MH20-4717-A04110,Bike,Petrol,Private
DL08-3239-H04111,Auto,Petrol,Commercial
UP32-8626-C04112,Bike,Petrol,Private
KA05-5015-Q04113,Bike,Petrol,Private
TN09-4208-D04114,Bike,Electric,Private
GJ01-7893-P04115,Taxi,Petrol,Commercial
UP32-7849-C04116,Bike,Petrol,Private
MH14-6261-R04117,Car,Diesel,Private
MH12-3553-E04118,Car,Petrol,Private
UP32-1393-N04119,Bike,Petrol,Private
TN09-5031-E04120,Bike,Petrol,Private
TN09-3544-C04121,Car,CNG,Private
KA05-9398-M04122,Bike,Petrol,Commercial
KA05-3494-K04123,Car,Petrol,Private
DL08-8431-L04124,Taxi,CNG,Commercial
MH20-4986-C04125,Car,Petrol,Private
GJ01-7225-G04126,Bike,Petrol,Private
KA05-2692-R04127,Taxi,Diesel,Commercial
UP32-7762-L04128,Car,Diesel,Commercial
DL08-9581-E04129,Bike,Petrol,Private
MH12-7354-M04130,Car,Petrol,Private
GJ01-8292-H04131,Car,CNG,Private
UP32-3999-J04132,Bus,Diesel,Commercial
DL08-9011-M04133,Bike,Petrol,Private
UP32-7729-J04134,Auto,Diesel,Commercial
GJ01-3617-F04135,Bike,Petrol,Private
TN09-2971-A04136,Car,Petrol,Private
GJ01-3123-P04137,Car,Petrol,Private
MH14-3342-B04138,Car,CNG,Private
GJ01-9064-F04139,Auto,Diesel,Commercial
TN09-1356-Q04140,Car,Diesel,Private
KA05-3268-C04141,Auto,Petrol,Commercial
GJ01-7082-A04142,Car,Petrol,Private
UP32-8560-A04143,Car,Petrol,Private
UP32-3243-M04144,Bike,Petrol,Private
MH12-8519-A04145,Auto,Petrol,Commercial
MH20-2533-K04146,Bike,Petrol,Private
MH20-4981-G04147,Taxi,Petrol,Commercial
MH20-1919-J04148,Auto,Petrol,Commercial
GJ01-8999-N04149,Auto,CNG,Commercial
GJ01-4229-P04150,Bike,Petrol,Private
GJ01-4284-A04151,Bus,Diesel,Commercial
MH20-1443-B04152,Taxi,CNG,Commercial
KA05-9247-J04153,Auto,Petrol,Commercial
DL08-4352-G04154,Bus,Diesel,Commercial
GJ01-1375-F04155,Bike,Electric,Private
UP32-2405-G04156,Bike,Petrol,Commercial
KA05-5686-P04157,Bike,Electric,Private
TN09-7869-J04158,Car,Diesel,Private
DL08-3385-J04159,Car,Diesel,Private
DL08-7130-B04160,Car,CNG,Commercial
MH14-2774-L04161,Truck,Diesel,Commercial
TN09-9693-B04162,Car,Diesel,Private
MH12-5683-J04163,Taxi,Diesel,Commercial
MH12-5455-H04164,Car,Petrol,Private
TN09-2242-G04165,Truck,CNG,Commercial
MH14-5496-G04166,Car,Diesel,Private
MH12-4229-B04167,Bike,Petrol,Private
TN09-7249-K04168,Taxi,Petrol,Commercial
UP32-9993-J04169,Bike,Petrol,Commercial
MH20-8579-D04170,Bike,Petrol,Private
DL08-8925-D04171,Auto,Petrol,Commercial
GJ01-7951-P04172,Car,Petrol,Private
GJ01-8185-M04173,Bike,Petrol,Private
DL08-3618-P04174,Car,Petrol,Commercial
MH12-6453-G04175,Auto,Petrol,Commercial
MH14-6697-P04176,Car,Petrol,Private
DL08-6975-H04177,Bike,Electric,Private
MH20-5625-F04178,Bike,Petrol,Private
UP32-6491-B04179,Car,Petrol,Private
GJ01-8008-R04180,Bus,Diesel,Commercial
DL08-1105-E04181,Car,CNG,Private
UP32-3928-R04182,Car,CNG,Private
DL08-5178-L04183,Bike,Petrol,Private
MH12-3696-L04184,Auto,Petrol,Commercial
KA05-7987-D04185,Bike,Electric,Private
DL08-1125-R04186,Bike,Petrol,Private
UP32-4666-F04187,Car,Electric,Private
MH14-2980-K04188,Bike,Petrol,Private
GJ01-4250-A04189,Auto,CNG,Commercial
UP32-2358-E04190,Car,Petrol,Private
KA05-3307-G04191,Auto,Petrol,Commercial
DL08-1849-M04192,Car,CNG,Private
UP32-8694-D04193,Bus,Diesel,Commercial
GJ01-2971-R04194,Bus,Diesel,Commercial
GJ01-6732-N04195,Bike,Petrol,Private
GJ01-9585-H04196,Car,Petrol,Private
TN09-3495-F04197,Car,Electric,Private
GJ01-6972-G04198,Taxi,CNG,Commercial
MH20-3083-C04199,Bike,Petrol,Private
MH12-8514-A04200,Car,Petrol,Private
GJ01-1820-D04201,Auto,Petrol,Commercial
MH14-2353-L04202,Auto,Petrol,Commercial
MH12-2134-N04203,Auto,CNG,Commercial
GJ01-1146-A04204,Truck,Diesel,Commercial
TN09-4423-J04205,Car,CNG,Commercial
DL08-4615-L04206,Bike,Petrol,Private
UP32-2462-F04207,Car,Petrol,Private
MH14-5131-N04208,Bike,Petrol,Commercial
GJ01-7346-K04209,Bike,Petrol,Private
DL08-2501-R04210,Car,Diesel,Private
TN09-3396-E04211,Bike,Petrol,Private
MH20-9160-E04212,Car,Petrol,Private
MH20-1340-N04213,Car,Diesel,Private
GJ01-1286-L04214,Auto,Petrol,Commercial
TN09-5584-G04215,Car,CNG,Private
DL08-1934-G04216,Car,Electric,Private
DL08-7248-G04217,Bike,Petrol,Private
MH12-1858-H04218,Car,Petrol,Private
MH12-6074-B04219,Car,Petrol,Private
TN09-5565-C04220,Taxi,Petrol,Commercial
MH20-1828-H04221,Truck,Diesel,Commercial
DL08-8266-P04222,Car,Petrol,Private
MH20-9745-A04223,Bike,Petrol,Private
MH20-8030-C04224,Car,Petrol,Commercial
KA05-8518-J04225,Auto,CNG,Commercial
TN09-4609-C04226,Bus,CNG,Commercial
MH14-1595-M04227,Truck,Diesel,Commercial
DL08-1137-P04228,Taxi,Diesel,Commercial
UP32-9254-K04229,Car,Electric,Private
MH14-6053-E04230,Bike,Petrol,Private
GJ01-6832-A04231,Bike,Petrol,Private
GJ01-8846-D04232,Bus,Diesel,Commercial
MH20-9696-G04233,Bike,Petrol,Private
TN09-1402-C04234,Bike,Petrol,Private
MH20-8534-N04235,Auto,Petrol,Commercial
GJ01-8082-P04236,Car,Petrol,Private
DL08-8332-N04237,Bike,Petrol,Private
MH20-4068-A04238,Bus,Diesel,Commercial
DL08-6209-D04239,Bike,Petrol,Private
UP32-3495-P04240,Bike,Petrol,Private
KA05-1408-G04241,Bike,Electric,Private
MH12-6195-A04242,Auto,Electric,Commercial
KA05-3044-Q04243,Truck,Diesel,Commercial
GJ01-6401-R04244,Taxi,Diesel,Commercial
MH14-3278-M04245,Car,CNG,Private
UP32-2315-D04246,Car,CNG,Private
MH12-6915-B04247,Bike,Petrol,Private
MH20-9566-Q04248,Car,Diesel,Commercial
UP32-1815-H04249,Bike,Petrol,Private
MH12-3023-D04250,Bike,Petrol,Private
MH14-9309-N04251,Bike,Petrol,Private
MH12-7578-M04252,Car,Petrol,Private
DL08-7685-G04253,Car,CNG,Private
MH20-1685-A04254,Car,CNG,Private
MH20-5287-F04255,Car,Electric,Private
KA05-8392-M04256,Bike,Petrol,Commercial
KA05-1407-L04257,Auto,Diesel,Commercial
MH14-5539-K04258,Auto,Petrol,Commercial
TN09-7684-R04259,Auto,Petrol,Commercial
UP32-4412-M04260,Auto,Diesel,Commercial
TN09-4585-J04261,Car,Petrol,Private
GJ01-9994-P04262,Bike,Petrol,Commercial
KA05-9301-G04263,Car,CNG,Private
TN09-9962-P04264,Truck,Diesel,Commercial
UP32-4536-P04265,Truck,CNG,Commercial
TN09-4937-E04266,Bus,Diesel,Commercial
UP32-8745-M04267,Auto,Diesel,Commercial
KA05-4992-F04268,Car,CNG,Private
DL08-5125-K04269,Auto,Petrol,Commercial
GJ01-6524-B04270,Taxi,Petrol,Commercial
KA05-6228-B04271,Auto,Petrol,Commercial
MH20-9716-J04272,Auto,Petrol,Commercial
MH12-1837-Q04273,Car,Petrol,Private
DL08-1748-Q04274,Taxi,Petrol,Commercial
UP32-3324-L04275,Truck,Diesel,Commercial
TN09-1078-H04276,Auto,Diesel,Commercial
GJ01-3256-L04277,Car,Diesel,Private
MH20-1079-K04278,Bike,Electric,Private
MH14-6106-G04279,Car,Petrol,Commercial
UP32-5338-H04280,Car,CNG,Private
TN09-4081-C04281,Bike,Petrol,Private
MH20-4915-M04282,Car,Diesel,Private
GJ01-6864-F04283,Truck,CNG,Commercial
MH20-8112-N04284,Bus,CNG,Commercial
TN09-2818-B04285,Bus,Diesel,Commercial
DL08-6735-M04286,Bike,Petrol,Commercial
GJ01-1671-C04287,Car,Diesel,Private
KA05-6636-M04288,Car,Petrol,Private
MH12-7846-E04289,Auto,Diesel,Commercial
MH14-7811-Q04290,Bike,Petrol,Private
MH20-2423-L04291,Bike,Petrol,Private
MH20-7969-J04292,Bike,Electric,Private
KA05-9613-D04293,Bike,Petrol,Private
MH20-1231-B04294,Bike,Petrol,Private
GJ01-4940-A04295,Bike,Petrol,Private
TN09-2208-P04296,Bike,Petrol,Commercial
MH12-6405-E04297,Car,Electric,Private
GJ01-8220-H04298,Auto,Diesel,Commercial
MH20-4527-J04299,Car,CNG,Private
MH12-6055-M04300,Bike,Electric,Private
MH20-1936-E04301,Car,Petrol,Private
TN09-1756-E04302,Bike,Petrol,Private
DL08-5183-E04303,Car,Diesel,Private
UP32-4027-C04304,Bike,Petrol,Private
KA05-5239-G04305,Bike,Electric,Private
KA05-5075-P04306,Auto,CNG,Commercial
MH14-1624-F04307,Bike,Petrol,Private
MH14-6254-A04308,Bike,Petrol,Private
UP32-3072-N04309,Car,Electric,Commercial
UP32-4500-F04310,Bus,Diesel,Commercial
MH20-2366-B04311,Bus,Diesel,Commercial
MH20-3567-D04312,Bike,Petrol,Private
MH14-6279-Q04313,Bike,Petrol,Private
MH14-1440-M04314,Auto,Petrol,Commercial
UP32-8984-A04315,Bike,Petrol,Private
MH14-7113-G04316,Truck,Diesel,Commercial
MH12-1169-F04317,Car,Petrol,Private
DL08-9099-B04318,Bike,Electric,Private
TN09-1905-F04319,Car,Diesel,Private
GJ01-1773-H04320,Bike,Petrol,Private
DL08-5475-P04321,Car,Diesel,Private
MH14-9789-E04322,Bike,Petrol,Private
MH12-2237-H04323,Bike,Petrol,Private
MH14-1794-L04324,Bike,Petrol,Private
MH14-9937-K04325,Bike,Petrol,Private
MH20-6925-H04326,Car,Petrol,Private
MH14-7336-D04327,Auto,CNG,Commercial
DL08-7804-A04328,Bike,Petrol,Private
MH14-8846-H04329,Auto,CNG,Commercial
UP32-9360-K04330,Bike,Petrol,Private
MH12-1379-M04331,Car,Petrol,Private
MH12-8764-A04332,Auto,Diesel,Commercial
KA05-6983-A04333,Bike,Petrol,Private
TN09-2707-F04334,Bus,Diesel,Commercial
TN09-2325-D04335,Car,CNG,Private
KA05-5979-M04336,Car,Petrol,Private
MH20-7478-M04337,Bike,Petrol,Private
UP32-8008-R04338,Bike,Petrol,Private
MH14-9208-P04339,Auto,CNG,Commercial
DL08-6806-N04340,Bus,Diesel,Commercial
GJ01-8219-H04341,Auto,Electric,Commercial
UP32-4399-Q04342,Bike,Petrol,Private
UP32-5693-B04343,Truck,Diesel,Commercial
KA05-7238-C04344,Car,Petrol,Private
MH20-9097-P04345,Truck,Diesel,Commercial
KA05-2809-C04346,Car,CNG,Private
KA05-3852-D04347,Car,Petrol,Private
GJ01-9714-P04348,Car,Petrol,Commercial
MH12-5100-N04349,Car,Petrol,Private
UP32-1357-G04350,Bike,Petrol,Private
MH12-1463-J04351,Taxi,Diesel,Commercial
DL08-7579-H04352,Bike,Petrol,Private
MH20-3375-D04353,Bike,Petrol,Private
GJ01-6403-H04354,Taxi,Petrol,Commercial
KA05-1817-N04355,Car,CNG,Private
MH14-9900-Q04356,Bike,Petrol,Private
MH14-9496-G04357,Car,Petrol,Private
GJ01-1875-R04358,Bike,Petrol,Private
KA05-8816-K04359,Bike,Petrol,Private
TN09-3641-E04360,Bike,Petrol,Private
GJ01-6500-P04361,Car,Petrol,Private
MH14-1154-P04362,Bike,Petrol,Private
TN09-7658-H04363,Bus,Diesel,Commercial
MH14-3755-Q04364,Bike,Electric,Private
MH20-7789-D04365,Bike,Petrol,Private
UP32-9308-C04366,Bike,Petrol,Private
MH12-7421-F04367,Car,Diesel,Private
MH12-9185-C04368,Car,Petrol,Private
MH20-2882-N04369,Car,Petrol,Commercial
MH14-4966-C04370,Car,Diesel,Commercial
MH12-1743-K04371,Car,Diesel,Private
MH20-6853-K04372,Car,Petrol,Private
TN09-7899-H04373,Bike,Petrol,Commercial
MH14-3509-R04374,Bike,Electric,Commercial
MH20-3383-L04375,Car,CNG,Commercial
KA05-2142-F04376,Car,Petrol,Commercial
KA05-9086-P04377,Car,CNG,Commercial
MH20-4078-N04378,Car,CNG,Private
DL08-5278-M04379,Bike,Petrol,Private
KA05-6215-H04380,Auto,Petrol,Commercial
MH12-4970-A04381,Bike,Electric,Private
TN09-1755-P04382,Bike,Petrol,Private
UP32-3221-J04383,Truck,CNG,Commercial
MH20-2763-Q04384,Car,Diesel,Private
MH14-7857-N04385,Car,Diesel,Private
UP32-4147-P04386,Car,Diesel,Private
UP32-4708-K04387,Car,Electric,Private
MH20-3812-F04388,Car,CNG,Commercial
DL08-2004-P04389,Car,Diesel,Private
GJ01-6122-K04390,Auto,Electric,Commercial
MH14-6079-K04391,Car,Petrol,Private
KA05-3544-A04392,Taxi,Petrol,Commercial
TN09-1119-K04393,Car,Petrol,Private
MH14-2933-P04394,Truck,Diesel,Commercial
GJ01-5488-A04395,Taxi,Diesel,Commercial
MH14-6061-R04396,Bike,Petrol,Private
MH14-4154-Q04397,Bike,Petrol,Private
KA05-6321-C04398,Bike,Petrol,Private
MH20-7316-C04399,Bike,Petrol,Private
DL08-6215-N04400,Car,Petrol,Private
MH20-1577-F04401,Auto,Petrol,Commercial
GJ01-8090-P04402,Bike,Petrol,Private
DL08-4796-N04403,Bike,Petrol,Private
DL08-1266-H04404,Bus,Diesel,Commercial
KA05-3437-K04405,Car,Petrol,Private
DL08-5426-P04406,Car,Petrol,Private
DL08-4901-J04407,Auto,Petrol,Commercial
GJ01-8146-J04408,Bike,Petrol,Private
TN09-5718-F04409,Auto,Petrol,Commercial
MH20-7286-E04410,Auto,Diesel,Commercial
UP32-5407-G04411,Bike,Petrol,Private
TN09-3672-M04412,Bike,Petrol,Commercial
MH12-5075-P04413,Taxi,CNG,Commercial
GJ01-5642-L04414,Bike,Petrol,Private
UP32-7633-L04415,Bus,Diesel,Commercial
DL08-1074-B04416,Bike,Petrol,Private
MH20-9333-Q04417,Bike,Petrol,Private
GJ01-7181-P04418,Car,Petrol,Private
KA05-8487-A04419,Bike,Petrol,Private
MH12-8098-B04420,Auto,Petrol,Commercial
UP32-2344-C04421,Car,Petrol,Private
KA05-8340-D04422,Auto,Petrol,Commercial
TN09-7862-P04423,Bike,Petrol,Private
GJ01-1327-D04424,Car,Petrol,Private
MH20-4349-K04425,Car,Diesel,Commercial
GJ01-9472-L04426,Bike,Petrol,Commercial
TN09-1272-L04427,Taxi,CNG,Commercial
DL08-8937-L04428,Bike,Petrol,Private
KA05-3915-P04429,Auto,Petrol,Commercial
MH20-6425-Q04430,Bus,Diesel,Commercial
MH20-6413-B04431,Taxi,Electric,Commercial
DL08-9829-L04432,Auto,CNG,Commercial
GJ01-3825-N04433,Taxi,CNG,Commercial
MH14-7738-H04434,Car,Diesel,Private
GJ01-1848-N04435,Car,Petrol,Private
MH14-1356-C04436,Car,CNG,Private
GJ01-6463-C04437,Bike,Electric,Private
KA05-9252-M04438,Car,Petrol,Commercial
UP32-6738-N04439,Auto,CNG,Commercial
DL08-7345-L04440,Car,Petrol,Private
GJ01-4532-J04441,Car,Petrol,Private
KA05-7602-N04442,Bike,Petrol,Private
MH14-3466-G04443,Car,Petrol,Private
UP32-1783-Q04444,Bike,Electric,Private
KA05-5586-M04445,Truck,Diesel,Commercial
MH20-7774-E04446,Truck,Diesel,Commercial
UP32-9817-L04447,Taxi,Diesel,Commercial
UP32-9124-J04448,Bike,Petrol,Commercial
KA05-5699-H04449,Truck,CNG,Commercial
TN09-3266-M04450,Bus,CNG,Commercial
UP32-5157-A04451,Bike,Electric,Private
UP32-7879-R04452,Bike,Petrol,Private
UP32-7901-Q04453,Car,Petrol,Private
DL08-5883-C04454,Bike,Petrol,Private
DL08-1973-B04455,Auto,CNG,Commercial
MH12-5550-B04456,Bike,Petrol,Private
MH20-4967-K04457,Bike,Petrol,Private
TN09-7924-M04458,Bike,Petrol,Commercial
MH20-7743-P04459,Truck,CNG,Commercial
MH12-1603-J04460,Bike,Petrol,Commercial
MH14-2149-B04461,Bike,Petrol,Private
TN09-7904-C04462,Bike,Petrol,Private
GJ01-6150-C04463,Bike,Petrol,Private
DL08-8337-J04464,Truck,Diesel,Commercial
KA05-8706-Q04465,Car,Petrol,Private
GJ01-9374-R04466,Bike,Petrol,Private
GJ01-7551-N04467,Bike,Petrol,Private
TN09-3181-M04468,Bike,Petrol,Commercial
MH12-9630-C04469,Bike,Petrol,Private
DL08-1059-F04470,Car,Diesel,Private
KA05-1284-L04471,Bike,Petrol,Private
GJ01-3862-E04472,Car,Petrol,Private
MH14-9715-N04473,Car,Petrol,Private
DL08-4493-C04474,Car,Petrol,Private
MH20-5278-Q04475,Bike,Petrol,Private
DL08-6362-J04476,Car,Petrol,Private
MH20-4701-R04477,Truck,Diesel,Commercial
MH14-9802-P04478,Bus,Diesel,Commercial
UP32-8849-K04479,Taxi,Petrol,Commercial
DL08-7004-C04480,Car,Diesel,Private
TN09-4204-J04481,Car,Electric,Commercial
MH14-6722-G04482,Auto,Electric,Commercial
TN09-3749-D04483,Taxi,Diesel,Commercial
TN09-1948-K04484,Bike,Petrol,Private
MH20-7145-L04485,Taxi,Petrol,Commercial
MH14-7173-Q04486,Bike,Petrol,Private
DL08-2590-H04487,Car,Petrol,Private
MH12-1909-G04488,Bike,Electric,Private
GJ01-4097-J04489,Car,Petrol,Private
KA05-3572-D04490,Bus,Diesel,Commercial
UP32-4967-B04491,Truck,CNG,Commercial
MH14-3840-C04492,Auto,Diesel,Commercial
DL08-5836-C04493,Car,Electric,Private
DL08-5087-C04494,Bike,Petrol,Private
MH12-2028-L04495,Bike,Petrol,Private
KA05-1168-Q04496,Bus,Diesel,Commercial
MH14-1777-P04497,Car,Petrol,Private
TN09-6239-Q04498,Auto,Petrol,Commercial
GJ01-4889-K04499,Bus,Diesel,Commercial
MH14-4010-D04500,Truck,Diesel,Commercial
KA05-6590-E04501,Taxi,Petrol,Commercial
MH14-2687-A04502,Car,Petrol,Private
GJ01-7234-C04503,Auto,Petrol,Commercial
MH20-3622-J04504,Truck,Diesel,Commercial
GJ01-9774-E04505,Auto,Petrol,Commercial
MH20-3489-C04506,Bike,Petrol,Private
GJ01-3793-N04507,Taxi,CNG,Commercial
GJ01-3392-A04508,Bike,Petrol,Private
MH14-1063-A04509,Bike,Petrol,Private
TN09-9065-E04510,Auto,CNG,Commercial
UP32-1805-G04511,Bike,Petrol,Private
UP32-5379-L04512,Taxi,Diesel,Commercial
KA05-4135-Q04513,Auto,Electric,Commercial
TN09-2447-K04514,Car,Petrol,Commercial
TN09-9384-A04515,Bus,Diesel,Commercial
GJ01-1261-N04516,Car,Petrol,Private
MH20-5295-A04517,Car,Petrol,Private
UP32-5317-Q04518,Car,Electric,Private
TN09-1682-A04519,Taxi,Petrol,Commercial
TN09-8137-N04520,Car,Electric,Private
GJ01-6394-M04521,Car,Petrol,Private
UP32-9697-Q04522,Bike,Petrol,Private
DL08-2213-G04523,Bike,Petrol,Commercial
MH20-3261-A04524,Bike,Electric,Commercial
DL08-7261-A04525,Auto,Electric,Commercial
KA05-8327-C04526,Bike,Petrol,Private
MH12-4396-L04527,Car,Petrol,Private
TN09-5028-F04528,Car,Electric,Private
MH14-5253-Q04529,Car,CNG,Private
DL08-6040-Q04530,Taxi,Petrol,Commercial
TN09-2523-P04531,Car,Diesel,Private
TN09-4621-E04532,Bus,Diesel,Commercial
MH12-5191-N04533,Bike,Petrol,Private
TN09-7225-E04534,Auto,Diesel,Commercial
MH20-3602-F04535,Car,CNG,Commercial
MH14-9633-G04536,Auto,Petrol,Commercial
MH12-8156-L04537,Bike,Petrol,Private
GJ01-8945-P04538,Auto,Diesel,Commercial
GJ01-5563-L04539,Bike,Petrol,Private
KA05-6332-R04540,Taxi,Petrol,Commercial
TN09-4287-C04541,Car,Electric,Private
TN09-3599-R04542,Bike,Petrol,Private
MH14-2054-K04543,Taxi,Electric,Commercial
MH20-8021-Q04544,Bike,Petrol,Private
MH14-9077-P04545,Auto,Petrol,Commercial
GJ01-6826-L04546,Car,Petrol,Private
KA05-2828-N04547,Bike,Petrol,Private
MH12-1816-G04548,Car,Petrol,Private
MH14-7488-G04549,Car,CNG,Private
UP32-3543-F04550,Auto,Electric,Commercial
KA05-9871-G04551,Car,Petrol,Private
GJ01-7720-B04552,Car,Diesel,Private
MH12-2356-B04553,Car,Petrol,Private
KA05-1082-C04554,Car,CNG,Private
DL08-7139-N04555,Car,Petrol,Private
TN09-6346-J04556,Car,Petrol,Commercial
MH20-7438-B04557,Bike,Petrol,Private
GJ01-3257-R04558,Truck,Diesel,Commercial
DL08-7473-K04559,Bike,Petrol,Private
MH20-9695-M04560,Bike,Petrol,Private
MH20-9213-M04561,Taxi,CNG,Commercial
MH14-6855-L04562,Car,CNG,Private
DL08-5028-A04563,Bike,Petrol,Private
MH20-2463-F04564,Truck,Diesel,Commercial
DL08-7074-N04565,Bike,Petrol,Private
GJ01-1041-Q04566,Car,Diesel,Private
UP32-6626-C04567,Car,Diesel,Commercial
MH14-9271-C04568,Auto,Diesel,Commercial
MH14-3509-J04569,Bike,Petrol,Private
MH20-6555-G04570,Bike,Petrol,Private
MH20-9519-H04571,Car,Diesel,Private
UP32-5458-Q04572,Auto,Petrol,Commercial
TN09-1601-R04573,Bike,Petrol,Private
KA05-4444-K04574,Auto,Petrol,Commercial
UP32-9071-D04575,Auto,Petrol,Commercial
MH20-3307-A04576,Bike,Petrol,Private
MH12-8976-N04577,Bike,Electric,Private
MH14-6665-G04578,Car,Petrol,Private
MH12-1782-D04579,Car,Petrol,Private
UP32-4747-K04580,Car,Diesel,Private
KA05-9790-R04581,Auto,Petrol,Commercial
TN09-8672-L04582,Bike,Petrol,Private
UP32-6062-D04583,Bike,Petrol,Private
UP32-4506-L04584,Bike,Petrol,Commercial
TN09-6726-A04585,Bike,Petrol,Private
TN09-8962-K04586,Bike,Petrol,Private
GJ01-7593-B04587,Bike,Petrol,Commercial
KA05-2926-G04588,Bike,Petrol,Private
KA05-8275-A04589,Auto,Petrol,Commercial
KA05-7560-Q04590,Bike,Petrol,Private
UP32-9014-H04591,Auto,Electric,Commercial
TN09-6232-L04592,Car,Electric,Private
KA05-7108-N04593,Car,Petrol,Private
GJ01-2651-A04594,Car,Petrol,Private
MH12-2718-Q04595,Auto,CNG,Commercial
UP32-5418-B04596,Taxi,Diesel,Commercial
MH20-9667-L04597,Bike,Petrol,Private
MH20-2799-M04598,Truck,Diesel,Commercial
GJ01-8293-N04599,Auto,Diesel,Commercial
DL08-8019-R04600,Bike,Electric,Private
TN09-9637-P04601,Auto,Petrol,Commercial
MH20-3176-G04602,Car,Petrol,Private
TN09-2744-G04603,Car,Diesel,Private
UP32-6077-F04604,Car,Diesel,Private
GJ01-7638-H04605,Bike,Petrol,Private
GJ01-8235-C04606,Auto,Electric,Commercial
MH12-4211-A04607,Car,Diesel,Commercial
DL08-6967-P04608,Auto,CNG,Commercial
MH20-7387-A04609,Bike,Petrol,Commercial
GJ01-4887-R04610,Bike,Petrol,Commercial
MH14-3318-N04611,Auto,Petrol,Commercial
MH14-3068-E04612,Bike,Electric,Private
KA05-3726-L04613,Car,CNG,Private
MH14-9015-E04614,Car,CNG,Private
GJ01-6217-Q04615,Truck,CNG,Commercial
KA05-7185-M04616,Bike,Petrol,Private
TN09-5590-K04617,Auto,Electric,Commercial
MH14-9721-L04618,Car,Petrol,Private
MH12-6539-E04619,Bike,Petrol,Private
MH14-4545-Q04620,Bike,Petrol,Private
MH14-9799-J04621,Bike,Electric,Commercial
MH20-3716-A04622,Car,Electric,Private
DL08-4980-L04623,Bike,Petrol,Private
MH20-8256-F04624,Car,Diesel,Commercial
MH12-9325-R04625,Car,CNG,Private
UP32-1757-A04626,Car,Electric,Private
MH14-9904-H04627,Bike,Petrol,Private
TN09-1042-R04628,Auto,Petrol,Commercial
MH14-7816-F04629,Bike,Electric,Private
GJ01-1808-K04630,Car,Petrol,Private
MH12-4705-F04631,Bike,Petrol,Private
GJ01-5205-P04632,Car,Diesel,Private
GJ01-1606-L04633,Bike,Petrol,Private
MH12-7339-J04634,Car,CNG,Private
UP32-1253-H04635,Taxi,Petrol,Commercial
MH14-8383-B04636,Car,Petrol,Private
MH14-4077-N04637,Truck,CNG,Commercial
GJ01-8611-A04638,Car,Diesel,Private
DL08-2097-H04639,Taxi,Diesel,Commercial
MH20-6585-F04640,Bike,Petrol,Private
GJ01-1410-Q04641,Car,Petrol,Private
DL08-4260-M04642,Car,Diesel,Private
DL08-2354-A04643,Bus,Diesel,Commercial
TN09-2383-R04644,Bike,Petrol,Commercial
DL08-6655-D04645,Bike,Petrol,Private
MH12-2448-E04646,Car,Electric,Private
TN09-7023-R04647,Car,Diesel,Private
UP32-2637-R04648,Car,Electric,Private
MH12-4149-B04649,Bike,Petrol,Private
KA05-2207-E04650,Truck,Diesel,Commercial
GJ01-1078-L04651,Taxi,Petrol,Commercial
DL08-6255-G04652,Bike,Petrol,Private
UP32-7614-Q04653,Car,Diesel,Private
MH12-7353-J04654,Truck,Diesel,Commercial
UP32-4820-C04655,Car,Diesel,Private
DL08-4699-F04656,Car,Petrol,Private
UP32-6461-R04657,Auto,CNG,Commercial
TN09-2905-A04658,Car,Petrol,Private
MH12-5972-Q04659,Bike,Petrol,Private
MH14-6643-N04660,Car,Petrol,Private
UP32-1843-Q04661,Car,Diesel,Private
TN09-5897-R04662,Truck,Diesel,Commercial
MH14-1839-R04663,Car,Electric,Private
UP32-6931-K04664,Bike,Petrol,Private
MH20-9384-Q04665,Bike,Petrol,Private
KA05-9305-L04666,Bike,Petrol,Commercial
DL08-1170-J04667,Car,Electric,Private
GJ01-1186-P04668,Truck,Diesel,Commercial
MH20-7680-C04669,Bike,Petrol,Private
UP32-1553-Q04670,Bike,Electric,Commercial
TN09-8674-B04671,Bike,Petrol,Private
GJ01-3364-N04672,Bike,Petrol,Private
UP32-2142-C04673,Car,Petrol,Private
TN09-3018-E04674,Car,Diesel,Private
MH12-7666-F04675,Car,Petrol,Private
DL08-1850-E04676,Car,Petrol,Private
KA05-7210-A04677,Car,CNG,Private
GJ01-5236-H04678,Truck,Diesel,Commercial
TN09-3138-G04679,Car,Petrol,Private
MH20-6005-C04680,Bike,Petrol,Private
MH12-1540-N04681,Bike,Electric,Private
TN09-5706-R04682,Bike,Petrol,Private
MH12-5193-F04683,Car,Petrol,Commercial
MH12-6308-H04684,Truck,CNG,Commercial
KA05-3162-M04685,Bike,Petrol,Private
GJ01-9684-Q04686,Bike,Petrol,Private
DL08-3130-F04687,Car,Petrol,Commercial
MH12-2524-L04688,Truck,Diesel,Commercial
DL08-3158-R04689,Taxi,Diesel,Commercial
MH20-9509-R04690,Auto,Petrol,Commercial
MH14-5122-F04691,Auto,CNG,Commercial
GJ01-3845-D04692,Bike,Petrol,Private
KA05-2881-P04693,Bike,Petrol,Private
MH12-8716-A04694,Car,Petrol,Private
UP32-6115-L04695,Car,Diesel,Private
MH20-1059-C04696,Car,CNG,Private
KA05-2094-N04697,Car,Petrol,Private
MH14-1910-J04698,Car,Petrol,Private
MH12-2600-M04699,Bike,Petrol,Private
KA05-5518-F04700,Bike,Petrol,Private
MH12-8885-L04701,Auto,Petrol,Commercial
DL08-4304-A04702,Bike,Petrol,Private
MH20-4897-G04703,Taxi,Petrol,Commercial
MH12-7983-B04704,Auto,CNG,Commercial
TN09-8297-E04705,Truck,Diesel,Commercial
MH14-5389-L04706,Bike,Petrol,Private
MH12-2567-M04707,Bike,Petrol,Private
UP32-3166-A04708,Bike,Petrol,Private
MH12-2952-E04709,Bike,Petrol,Private
DL08-3447-Q04710,Car,CNG,Private
DL08-8808-L04711,Bike,Petrol,Private
TN09-6287-D04712,Car,Petrol,Private
UP32-2364-K04713,Bus,Diesel,Commercial
UP32-6476-Q04714,Taxi,Petrol,Commercial
KA05-4006-K04715,Truck,Diesel,Commercial
DL08-7750-F04716,Bike,Petrol,Private
DL08-2148-F04717,Car,Petrol,Private
UP32-8365-H04718,Taxi,CNG,Commercial
UP32-8864-F04719,Bike,Electric,Private
KA05-4236-L04720,Car,CNG,Private
UP32-3699-N04721,Bike,Petrol,Private
KA05-4650-B04722,Truck,CNG,Commercial
MH12-4709-J04723,Bike,Electric,Private
MH20-5800-R04724,Bike,Petrol,Private
MH12-1816-K04725,Car,Petrol,Private
UP32-4736-R04726,Auto,Petrol,Commercial
MH20-7643-N04727,Car,Diesel,Commercial
MH20-6996-J04728,Bus,Diesel,Commercial
DL08-7759-H04729,Taxi,Petrol,Commercial
KA05-1960-D04730,Auto,Diesel,Commercial
DL08-2781-D04731,Car,CNG,Private
KA05-2078-J04732,Car,Diesel,Commercial
MH12-1188-C04733,Bike,Petrol,Private
DL08-4562-L04734,Bike,Petrol,Commercial
KA05-3680-F04735,Car,Diesel,Private
TN09-7836-P04736,Bus,CNG,Commercial
UP32-2350-M04737,Bike,Petrol,Private
MH20-8066-F04738,Auto,CNG,Commercial
DL08-7597-L04739,Bike,Petrol,Private
MH12-1621-B04740,Car,Petrol,Private
KA05-5933-E04741,Bike,Petrol,Private
TN09-6211-J04742,Bus,Diesel,Commercial
KA05-3884-H04743,Car,Petrol,Private
MH12-8092-Q04744,Bike,Electric,Private
DL08-4218-K04745,Car,Electric,Private
MH12-5541-L04746,Bike,Electric,Private
MH20-6681-F04747,Auto,Diesel,Commercial
DL08-6478-Q04748,Bike,Petrol,Private
MH14-4626-H04749,Bus,Diesel,Commercial
KA05-6576-H04750,Bike,Petrol,Private
MH20-4768-P04751,Car,Petrol,Private
UP32-5153-A04752,Car,Diesel,Private
UP32-3576-B04753,Car,Petrol,Private
MH14-7549-B04754,Car,Petrol,Private
MH12-8986-C04755,Car,Petrol,Private
UP32-1887-J04756,Bike,Petrol,Private
MH20-5901-L04757,Car,Petrol,Private
MH20-7083-M04758,Bike,Electric,Private
MH12-8967-C04759,Car,Diesel,Private
TN09-1349-M04760,Bus,Diesel,Commercial
KA05-5160-C04761,Car,Diesel,Commercial
UP32-6145-M04762,Car,Diesel,Private
GJ01-4778-F04763,Taxi,Electric,Commercial
MH20-5549-P04764,Bike,Petrol,Private
GJ01-3197-C04765,Bike,Petrol,Commercial
GJ01-4890-L04766,Bike,Petrol,Commercial
GJ01-2198-L04767,Car,Petrol,Private
GJ01-9207-M04768,Car,Diesel,Private
MH14-6014-G04769,Bike,Petrol,Private
MH12-1621-D04770,Bike,Petrol,Commercial
GJ01-2573-B04771,Auto,CNG,Commercial
UP32-9412-D04772,Bike,Petrol,Private
GJ01-2877-N04773,Car,Electric,Private
UP32-9776-M04774,Car,Petrol,Private
GJ01-1749-M04775,Bike,Petrol,Private
GJ01-9786-F04776,Bike,Petrol,Private
UP32-3557-R04777,Car,Petrol,Private
MH14-5757-Q04778,Bike,Petrol,Private
GJ01-5632-A04779,Car,Diesel,Private
MH12-9740-H04780,Auto,Petrol,Commercial
UP32-9526-M04781,Bike,Petrol,Private
DL08-7744-Q04782,Taxi,CNG,Commercial
UP32-5316-B04783,Car,Electric,Private
GJ01-8363-M04784,Bike,Petrol,Private
MH14-2376-P04785,Auto,Petrol,Commercial
TN09-6987-N04786,Bike,Petrol,Private
MH14-9253-B04787,Taxi,Electric,Commercial
DL08-3401-A04788,Bike,Petrol,Private
TN09-8020-L04789,Bike,Petrol,Private
UP32-8898-H04790,Auto,Petrol,Commercial
GJ01-9112-R04791,Car,Petrol,Private
MH14-7081-K04792,Bus,Diesel,Commercial
MH12-2695-E04793,Auto,Petrol,Commercial
TN09-5752-L04794,Car,Petrol,Private
KA05-1513-B04795,Taxi,Diesel,Commercial
DL08-9126-N04796,Bike,Petrol,Private
MH20-6076-N04797,Bike,Petrol,Private
KA05-5075-H04798,Car,CNG,Private
MH14-5768-H04799,Car,Petrol,Private
DL08-1290-R04800,Bike,Petrol,Private
GJ01-6146-J04801,Car,Petrol,Private
UP32-4189-M04802,Bike,Petrol,Private
MH20-6518-E04803,Bike,Petrol,Private
MH12-3718-E04804,Bike,Petrol,Private
KA05-1638-M04805,Truck,Diesel,Commercial
MH14-4022-M04806,Bike,Petrol,Private
MH12-5299-D04807,Bike,Electric,Commercial
MH12-6518-C04808,Car,Petrol,Private
MH14-3944-G04809,Auto,Diesel,Commercial
KA05-5512-R04810,Bike,Petrol,Private
DL08-7820-C04811,Bike,Petrol,Private
KA05-5960-K04812,Bike,Petrol,Private
KA05-3444-J04813,Auto,Diesel,Commercial
DL08-2155-H04814,Bus,CNG,Commercial
MH14-5918-M04815,Car,Petrol,Commercial
MH14-9732-B04816,Bus,Diesel,Commercial
GJ01-2995-J04817,Bike,Petrol,Private
GJ01-1104-N04818,Car,Petrol,Private
MH14-9214-D04819,Taxi,CNG,Commercial
MH20-6166-N04820,Bus,CNG,Commercial
MH20-5977-R04821,Auto,Petrol,Commercial
DL08-5742-C04822,Bike,Electric,Private
MH14-4244-C04823,Car,Diesel,Private
MH14-6112-A04824,Truck,CNG,Commercial
MH14-4792-F04825,Bike,Petrol,Private
MH12-6074-K04826,Truck,Diesel,Commercial
GJ01-1022-J04827,Bike,Petrol,Private
UP32-2639-K04828,Truck,Diesel,Commercial
DL08-2133-A04829,Bike,Petrol,Private
GJ01-5452-L04830,Bus,Diesel,Commercial
MH20-8499-L04831,Taxi,Diesel,Commercial
KA05-1895-Q04832,Bike,Petrol,Private
UP32-5350-J04833,Car,Diesel,Private
UP32-1060-H04834,Taxi,Petrol,Commercial
DL08-7441-K04835,Car,Petrol,Private
KA05-2160-A04836,Bike,Petrol,Private
UP32-6744-H04837,Car,Electric,Private
TN09-9010-N04838,Bike,Petrol,Private
MH12-9746-N04839,Car,Diesel,Private
MH20-6277-H04840,Auto,Petrol,Commercial
KA05-1349-B04841,Bike,Petrol,Private
UP32-5920-N04842,Bike,Petrol,Private
KA05-9335-J04843,Bus,Diesel,Commercial
DL08-7640-D04844,Bike,Petrol,Private
UP32-1064-C04845,Truck,Diesel,Commercial
DL08-8872-L04846,Taxi,Diesel,Commercial
DL08-4309-B04847,Car,Petrol,Private
MH14-8247-D04848,Taxi,Diesel,Commercial
MH12-1598-J04849,Auto,Diesel,Commercial
MH14-5391-K04850,Car,Petrol,Commercial
TN09-7928-Q04851,Bus,Diesel,Commercial
KA05-7670-L04852,Car,Petrol,Private
MH14-8865-A04853,Bike,Petrol,Private
MH12-1907-K04854,Bike,Petrol,Private
GJ01-7622-M04855,Bike,Petrol,Private
UP32-8477-H04856,Car,Petrol,Private
KA05-8005-E04857,Taxi,Petrol,Commercial
MH20-4212-M04858,Bike,Petrol,Private
DL08-3513-R04859,Car,Diesel,Private
MH14-5272-C04860,Bike,Electric,Commercial
DL08-3037-R04861,Car,Electric,Private
GJ01-1096-M04862,Taxi,Petrol,Commercial
UP32-4751-L04863,Bike,Petrol,Private
MH14-7366-E04864,Truck,Diesel,Commercial
DL08-7078-J04865,Bike,Petrol,Private
UP32-1255-D04866,Bus,CNG,Commercial
TN09-6908-R04867,Auto,Petrol,Commercial
DL08-5104-E04868,Truck,Diesel,Commercial
MH14-9863-N04869,Bus,Diesel,Commercial
MH20-6932-L04870,Auto,Petrol,Commercial
MH12-6394-A04871,Bus,Diesel,Commercial
MH12-1116-B04872,Car,Diesel,Private
MH14-1907-C04873,Auto,CNG,Commercial
GJ01-2153-Q04874,Bike,Petrol,Private
MH14-3282-C04875,Car,CNG,Private
MH20-4165-K04876,Auto,Diesel,Commercial
MH12-7633-R04877,Bike,Petrol,Private
MH12-5320-J04878,Car,Diesel,Private
UP32-5014-P04879,Truck,CNG,Commercial
TN09-7864-C04880,Taxi,Diesel,Commercial
MH14-9688-E04881,Car,CNG,Private
MH14-9622-N04882,Car,CNG,Private
DL08-1476-E04883,Bike,Petrol,Private
GJ01-4911-P04884,Car,Diesel,Private
MH14-7780-Q04885,Bike,Petrol,Private
DL08-2109-H04886,Car,Diesel,Commercial
MH20-7591-Q04887,Car,Electric,Private
DL08-8554-J04888,Truck,Diesel,Commercial
TN09-3710-F04889,Bike,Petrol,Commercial
KA05-5229-K04890,Bike,Petrol,Private
GJ01-9882-P04891,Taxi,Diesel,Commercial
MH14-2218-K04892,Truck,Diesel,Commercial
MH12-7980-J04893,Car,Petrol,Private
UP32-8846-C04894,Car,CNG,Private
MH12-7367-F04895,Bike,Petrol,Private
MH12-3813-M04896,Taxi,Diesel,Commercial
MH12-5365-N04897,Auto,Electric,Commercial
MH14-7757-F04898,Bike,Electric,Commercial
MH12-4544-E04899,Bike,Petrol,Private
MH12-3870-L04900,Car,Petrol,Private
UP32-8674-H04901,Bike,Petrol,Commercial
DL08-6881-R04902,Auto,CNG,Commercial
TN09-2105-E04903,Car,Petrol,Private
MH14-2054-R04904,Auto,Diesel,Commercial
UP32-1194-G04905,Taxi,CNG,Commercial
TN09-7438-Q04906,Bike,Electric,Private
KA05-3627-G04907,Car,Petrol,Private
TN09-7519-H04908,Bike,Petrol,Commercial
MH20-5140-E04909,Auto,Diesel,Commercial
MH20-2812-B04910,Car,CNG,Private
DL08-2363-F04911,Bike,Petrol,Private
TN09-5761-M04912,Bike,Petrol,Private
MH14-8359-A04913,Car,Diesel,Private
MH14-8157-F04914,Bike,Petrol,Private
DL08-7480-L04915,Auto,Petrol,Commercial
TN09-6791-L04916,Bike,Petrol,Private
TN09-2323-B04917,Car,Diesel,Private
KA05-3111-E04918,Auto,Petrol,Commercial
MH12-1210-G04919,Car,Petrol,Commercial
DL08-6279-B04920,Car,Petrol,Private
DL08-5451-E04921,Car,CNG,Private
UP32-6421-G04922,Car,Diesel,Commercial
MH20-1493-D04923,Auto,CNG,Commercial
DL08-3031-P04924,Auto,CNG,Commercial
GJ01-8720-K04925,Auto,Petrol,Commercial
MH12-5165-M04926,Car,Petrol,Private
GJ01-2631-P04927,Taxi,Petrol,Commercial
MH12-1501-K04928,Bike,Petrol,Private
MH14-6393-D04929,Bike,Petrol,Private
GJ01-3784-A04930,Bike,Petrol,Private
MH12-6207-A04931,Car,Diesel,Commercial
GJ01-2617-G04932,Bike,Petrol,Private
TN09-3618-H04933,Auto,Diesel,Commercial
MH12-6314-G04934,Car,Electric,Private
DL08-6731-J04935,Bike,Petrol,Commercial
KA05-9141-N04936,Truck,Diesel,Commercial
DL08-6965-B04937,Car,CNG,Private
MH20-6318-L04938,Truck,Diesel,Commercial
MH20-8585-Q04939,Bike,Petrol,Private
MH12-4621-C04940,Car,Electric,Private
DL08-1325-J04941,Bike,Electric,Private
MH12-8715-D04942,Truck,CNG,Commercial
KA05-3150-F04943,Bike,Petrol,Commercial
TN09-5833-M04944,Bike,Petrol,Private
TN09-7664-Q04945,Car,Petrol,Private
MH14-2752-G04946,Bike,Petrol,Commercial
DL08-1300-K04947,Auto,CNG,Commercial
MH20-8244-J04948,Bike,Petrol,Commercial
GJ01-1009-M04949,Car,Electric,Private
MH12-2786-M04950,Truck,Diesel,Commercial
MH20-2905-G04951,Taxi,Petrol,Commercial
GJ01-1995-A04952,Auto,Electric,Commercial
UP32-8088-C04953,Car,Petrol,Private
DL08-1115-R04954,Bike,Petrol,Commercial
DL08-8850-E04955,Auto,Diesel,Commercial
TN09-7454-B04956,Bike,Electric,Commercial
UP32-9863-M04957,Car,CNG,Private
GJ01-9397-D04958,Bike,Petrol,Private
UP32-7486-H04959,Auto,Petrol,Commercial
MH12-1066-R04960,Truck,Diesel,Commercial
KA05-5533-L04961,Bike,Petrol,Commercial
KA05-5540-D04962,Bike,Petrol,Private
MH20-7980-E04963,Bike,Petrol,Private
DL08-5877-Q04964,Bike,Petrol,Commercial
GJ01-1507-J04965,Car,Petrol,Private
DL08-9449-L04966,Truck,CNG,Commercial
MH12-8570-P04967,Bike,Petrol,Commercial
DL08-9140-L04968,Bike,Petrol,Commercial
GJ01-8814-K04969,Bike,Electric,Private
MH12-9008-G04970,Car,Petrol,Private
UP32-8629-N04971,Auto,Petrol,Commercial
DL08-6182-A04972,Taxi,Diesel,Commercial
DL08-7355-F04973,Car,Petrol,Private
TN09-5628-A04974,Auto,Petrol,Commercial
TN09-3128-L04975,Car,Diesel,Private
MH14-3264-N04976,Car,Petrol,Private
TN09-2947-K04977,Car,Diesel,Private
MH12-4086-E04978,Bike,Electric,Private
MH14-5784-P04979,Bike,Petrol,Private
DL08-6848-L04980,Car,Petrol,Private
MH12-3437-B04981,Taxi,Petrol,Commercial
KA05-2206-G04982,Car,Petrol,Private
TN09-5490-R04983,Taxi,CNG,Commercial
MH20-2765-H04984,Car,Electric,Private
MH20-8825-A04985,Taxi,CNG,Commercial
UP32-7639-D04986,Car,Electric,Private
DL08-1432-M04987,Car,Petrol,Private
TN09-5068-A04988,Bike,Electric,Private
TN09-6455-B04989,Car,Petrol,Private
GJ01-1108-R04990,Auto,Diesel,Commercial
KA05-4545-H04991,Auto,Diesel,Commercial
DL08-2011-J04992,Bike,Petrol,Private
MH20-5000-N04993,Car,Diesel,Private
MH20-7948-A04994,Taxi,Petrol,Commercial
MH20-2016-Q04995,Auto,Petrol,Commercial
MH12-7560-D04996,Car,Diesel,Private
UP32-1389-C04997,Bike,Electric,Private
MH12-4394-G04998,Car,Petrol,Private
UP32-3680-D04999,Bike,Petrol,Private
DL08-4893-H05000,Bike,Petrol,Private
MH20-7191-E05001,Bus,Diesel,Commercial
DL08-1407-R05002,Truck,Diesel,Commercial
GJ01-1690-B05003,Car,CNG,Private
DL08-8590-Q05004,Car,CNG,Private
TN09-5687-L05005,Auto,Diesel,Commercial
UP32-3728-E05006,Bike,Petrol,Private
MH12-2296-F05007,Car,Petrol,Private
KA05-5238-P05008,Car,CNG,Private
MH20-5435-R05009,Bike,Petrol,Private
MH12-7989-J05010,Bike,Petrol,Private
TN09-3898-M05011,Car,Diesel,Private
KA05-8688-R05012,Bike,Petrol,Private
MH12-5466-P05013,Car,Petrol,Private
MH12-8110-C05014,Auto,Petrol,Commercial
UP32-3509-K05015,Bike,Petrol,Private
MH20-9399-E05016,Auto,CNG,Commercial
MH14-7187-J05017,Auto,Petrol,Commercial
TN09-4209-R05018,Car,Petrol,Private
TN09-7343-N05019,Bike,Petrol,Private
GJ01-7193-K05020,Car,Electric,Commercial
TN09-2050-E05021,Bike,Petrol,Private
MH20-5300-E05022,Truck,Diesel,Commercial
TN09-5424-C05023,Bike,Petrol,Private
MH14-5287-A05024,Car,Diesel,Private
UP32-1019-N05025,Auto,Diesel,Commercial
TN09-3794-B05026,Truck,Diesel,Commercial
MH12-8721-K05027,Bike,Petrol,Private
TN09-8252-N05028,Bike,Petrol,Private
GJ01-2363-B05029,Truck,Diesel,Commercial
MH12-1008-B05030,Car,Diesel,Private
TN09-1460-F05031,Car,Petrol,Private
KA05-8758-F05032,Bike,Petrol,Commercial
MH20-1536-C05033,Car,Petrol,Private
UP32-6971-R05034,Bike,Petrol,Private
TN09-4769-P05035,Auto,Petrol,Commercial
UP32-6066-J05036,Truck,CNG,Commercial
MH20-7284-J05037,Car,Diesel,Private
GJ01-5656-D05038,Car,Petrol,Private
MH12-7002-C05039,Bike,Electric,Commercial
DL08-8276-P05040,Car,CNG,Private
UP32-7214-D05041,Bike,Petrol,Commercial
MH12-9686-L05042,Auto,Petrol,Commercial
UP32-5934-B05043,Auto,CNG,Commercial
GJ01-9457-C05044,Bike,Petrol,Private
MH12-4464-L05045,Car,Diesel,Private
TN09-8277-J05046,Auto,Petrol,Commercial
GJ01-4425-F05047,Car,Petrol,Private
UP32-2790-D05048,Car,Electric,Private
TN09-2160-J05049,Taxi,Petrol,Commercial
TN09-4643-F05050,Bike,Petrol,Private
MH14-9193-G05051,Bike,Petrol,Private
DL08-5505-A05052,Auto,CNG,Commercial
MH20-3421-P05053,Car,Petrol,Private
UP32-3199-A05054,Taxi,Petrol,Commercial
MH20-9471-R05055,Car,Electric,Private
MH20-2052-K05056,Car,Diesel,Private
KA05-8321-K05057,Bike,Petrol,Private
UP32-2698-R05058,Bike,Petrol,Commercial
MH20-2320-J05059,Auto,Petrol,Commercial
UP32-6504-B05060,Bike,Petrol,Private
MH20-7943-Q05061,Car,CNG,Private
UP32-9876-Q05062,Bike,Electric,Private
KA05-8404-K05063,Car,Electric,Private
MH20-4490-P05064,Car,Electric,Commercial
GJ01-3981-Q05065,Auto,Petrol,Commercial
DL08-5115-N05066,Taxi,CNG,Commercial
MH12-2816-E05067,Bike,Petrol,Private
KA05-8840-H05068,Bike,Petrol,Private
MH14-2145-M05069,Bike,Petrol,Private
MH20-4932-B05070,Car,Electric,Private
GJ01-6493-J05071,Car,Diesel,Commercial
MH14-7205-B05072,Taxi,Petrol,Commercial
KA05-4953-H05073,Car,Petrol,Private
MH20-9061-C05074,Taxi,Diesel,Commercial
MH20-5657-K05075,Bike,Petrol,Commercial
MH14-2722-E05076,Bike,Petrol,Private
UP32-9921-F05077,Auto,Diesel,Commercial
MH12-7473-P05078,Bike,Petrol,Private
TN09-9414-N05079,Car,Petrol,Private
KA05-2309-A05080,Car,Petrol,Commercial
MH20-6547-E05081,Auto,Petrol,Commercial
GJ01-8090-B05082,Car,Electric,Private
KA05-7391-K05083,Taxi,Petrol,Commercial
MH20-9726-K05084,Bike,Petrol,Private
DL08-2298-H05085,Car,CNG,Private
UP32-2493-F05086,Bike,Petrol,Private
GJ01-7252-P05087,Car,Electric,Private
UP32-9931-N05088,Bike,Petrol,Commercial
TN09-4049-R05089,Auto,Petrol,Commercial
GJ01-1476-H05090,Bike,Petrol,Private
UP32-4710-J05091,Truck,Diesel,Commercial
MH12-7663-F05092,Car,Diesel,Private
TN09-7033-R05093,Car,Petrol,Commercial
MH20-8420-R05094,Car,Diesel,Private
TN09-4489-L05095,Car,Diesel,Private
MH12-3061-Q05096,Bike,Petrol,Private
MH20-6642-Q05097,Bus,CNG,Commercial
MH20-5170-B05098,Car,CNG,Commercial
TN09-5757-P05099,Car,Diesel,Private
DL08-8370-Q05100,Auto,Diesel,Commercial
MH14-7808-R05101,Car,Electric,Private
TN09-7903-K05102,Taxi,Petrol,Commercial
DL08-9644-N05103,Bike,Petrol,Commercial
MH12-5866-J05104,Bike,Petrol,Commercial
GJ01-9183-H05105,Car,Petrol,Private
MH14-3671-K05106,Bike,Petrol,Private
UP32-1475-A05107,Bike,Petrol,Private
KA05-6124-J05108,Car,Electric,Private
GJ01-1393-L05109,Car,Petrol,Private
MH12-4692-H05110,Taxi,Diesel,Commercial
MH14-4953-R05111,Car,Petrol,Private
DL08-5059-M05112,Car,Petrol,Private
MH14-1625-A05113,Car,Electric,Private
UP32-5590-G05114,Car,Petrol,Private
UP32-9044-F05115,Car,Diesel,Private
GJ01-6993-P05116,Taxi,Diesel,Commercial
KA05-6790-R05117,Bike,Petrol,Private
TN09-1416-L05118,Bike,Petrol,Private
GJ01-3195-C05119,Auto,Petrol,Commercial
TN09-5689-C05120,Car,Diesel,Private
TN09-3146-M05121,Taxi,Petrol,Commercial
UP32-9676-F05122,Taxi,CNG,Commercial
TN09-2577-C05123,Car,Diesel,Private
TN09-9051-K05124,Car,CNG,Private
DL08-1661-E05125,Car,Diesel,Private
KA05-8589-G05126,Bike,Petrol,Private
KA05-1928-G05127,Bike,Petrol,Private
MH20-2500-F05128,Truck,Diesel,Commercial
KA05-1157-F05129,Car,Diesel,Commercial
KA05-1361-J05130,Bike,Petrol,Private
MH12-6926-F05131,Car,Petrol,Private
MH12-1440-K05132,Bike,Electric,Private
MH14-3233-H05133,Truck,CNG,Commercial
GJ01-1133-C05134,Car,Diesel,Private
MH14-4341-K05135,Taxi,CNG,Commercial
DL08-5292-M05136,Auto,Diesel,Commercial
GJ01-3881-Q05137,Car,Petrol,Private
DL08-5757-E05138,Car,Petrol,Private
MH20-2414-G05139,Car,Diesel,Commercial
KA05-6002-B05140,Car,Petrol,Private
MH14-7223-P05141,Bike,Petrol,Private
MH14-1591-E05142,Car,Petrol,Private
DL08-2541-Q05143,Car,Electric,Private
GJ01-9012-B05144,Bike,Electric,Commercial
MH14-8934-C05145,Auto,Petrol,Commercial
MH14-2886-R05146,Bike,Petrol,Private
MH14-4918-G05147,Truck,Diesel,Commercial
DL08-5463-J05148,Car,Diesel,Private
MH14-5195-R05149,Taxi,CNG,Commercial
UP32-8434-M05150,Bike,Petrol,Private
UP32-3490-H05151,Auto,Petrol,Commercial
DL08-2927-N05152,Bike,Petrol,Private
MH14-2520-B05153,Bike,Petrol,Commercial
MH12-4079-N05154,Auto,CNG,Commercial
GJ01-7536-Q05155,Car,Petrol,Private
GJ01-7502-N05156,Bike,Petrol,Private
DL08-4574-Q05157,Auto,Petrol,Commercial
TN09-9567-A05158,Bike,Petrol,Private
MH14-5494-B05159,Truck,Diesel,Commercial
MH20-4542-K05160,Car,Petrol,Private
TN09-9757-R05161,Auto,Petrol,Commercial
DL08-3803-H05162,Truck,Diesel,Commercial
MH12-9075-F05163,Bike,Petrol,Commercial
MH20-7124-L05164,Car,CNG,Private
MH14-4466-D05165,Taxi,CNG,Commercial
MH12-4518-K05166,Taxi,Diesel,Commercial
DL08-8018-R05167,Car,Diesel,Commercial
UP32-4202-N05168,Bike,Electric,Private
DL08-9714-A05169,Car,Petrol,Private
UP32-6965-K05170,Bike,Petrol,Commercial
GJ01-8857-J05171,Car,Petrol,Private
MH20-1632-N05172,Auto,Petrol,Commercial
TN09-3763-Q05173,Bike,Petrol,Private
KA05-1079-D05174,Car,Petrol,Private
MH14-7059-Q05175,Car,Petrol,Private
DL08-7213-C05176,Car,Petrol,Private
KA05-7335-A05177,Car,CNG,Commercial
MH20-7548-A05178,Car,CNG,Private
KA05-7210-M05179,Auto,Electric,Commercial
GJ01-9204-H05180,Car,Petrol,Private
DL08-9189-Q05181,Taxi,Petrol,Commercial
MH12-4250-K05182,Car,CNG,Private
TN09-5600-L05183,Bike,Petrol,Private
GJ01-1469-A05184,Bike,Petrol,Private
GJ01-3255-E05185,Car,Diesel,Private
GJ01-8726-J05186,Car,Diesel,Private
UP32-4402-N05187,Bike,Petrol,Private
MH12-6322-Q05188,Bike,Petrol,Private
MH12-2393-P05189,Car,Diesel,Commercial
MH14-2140-G05190,Car,Petrol,Private
MH12-4941-J05191,Car,CNG,Private
DL08-8763-Q05192,Bike,Petrol,Private
UP32-6418-L05193,Car,CNG,Private
TN09-5179-K05194,Bus,Diesel,Commercial
TN09-5811-E05195,Bike,Petrol,Commercial
UP32-6795-P05196,Auto,Petrol,Commercial
MH12-1196-D05197,Bike,Petrol,Commercial
MH14-8320-G05198,Truck,Diesel,Commercial
KA05-6225-F05199,Bike,Petrol,Private
DL08-4734-F05200,Bus,Diesel,Commercial
UP32-2492-B05201,Truck,Diesel,Commercial
UP32-2694-E05202,Bike,Petrol,Private
TN09-8347-N05203,Bike,Electric,Private
KA05-5943-K05204,Car,Petrol,Commercial
DL08-6134-M05205,Car,CNG,Private
DL08-4494-R05206,Truck,Diesel,Commercial
UP32-6885-N05207,Bike,Petrol,Private
DL08-1790-E05208,Bike,Petrol,Private
UP32-8739-D05209,Car,CNG,Private
MH14-9596-Q05210,Bike,Electric,Private
KA05-2195-A05211,Bike,Petrol,Private
GJ01-2953-C05212,Car,Petrol,Private
MH14-2688-H05213,Car,Petrol,Private
KA05-3825-K05214,Bike,Electric,Private
TN09-4026-H05215,Taxi,Diesel,Commercial
UP32-5790-R05216,Auto,Diesel,Commercial
MH14-3408-L05217,Car,Petrol,Private
MH14-1504-F05218,Car,CNG,Private
MH12-7702-N05219,Bike,Petrol,Private
TN09-4330-G05220,Bike,Petrol,Private
MH14-7715-K05221,Bike,Petrol,Private
MH14-1019-A05222,Bike,Petrol,Commercial
MH12-8323-B05223,Bike,Petrol,Private
GJ01-8121-H05224,Auto,Petrol,Commercial
MH12-9435-H05225,Bike,Petrol,Private
GJ01-9056-K05226,Car,Diesel,Commercial
MH20-7714-M05227,Taxi,Petrol,Commercial
KA05-5407-L05228,Bike,Petrol,Private
GJ01-6905-J05229,Bike,Petrol,Private
MH14-8319-J05230,Car,Diesel,Private
MH12-4175-K05231,Car,Petrol,Private
MH20-8167-F05232,Car,Petrol,Commercial
DL08-3048-N05233,Car,Diesel,Commercial
TN09-8263-H05234,Bike,Petrol,Private
MH12-8560-J05235,Auto,CNG,Commercial
GJ01-4720-L05236,Car,Petrol,Private
MH20-5452-Q05237,Car,Petrol,Private
TN09-4278-R05238,Car,CNG,Private
MH12-6868-G05239,Taxi,Petrol,Commercial
GJ01-4422-G05240,Taxi,Petrol,Commercial
DL08-5224-E05241,Bike,Petrol,Commercial
MH20-9513-H05242,Auto,Diesel,Commercial
DL08-9147-F05243,Truck,Diesel,Commercial
DL08-2671-B05244,Auto,Petrol,Commercial
UP32-1871-A05245,Car,Diesel,Private
DL08-5112-B05246,Car,Petrol,Private
DL08-4821-G05247,Car,Diesel,Private
DL08-9738-J05248,Bike,Petrol,Private
MH20-6899-R05249,Taxi,CNG,Commercial
MH12-5413-Q05250,Bike,Petrol,Private
TN09-2862-R05251,Bike,Electric,Private
MH12-7326-K05252,Bike,Petrol,Private
MH20-2570-M05253,Car,Diesel,Private
UP32-3577-P05254,Auto,Petrol,Commercial
MH20-8377-G05255,Car,Diesel,Commercial
TN09-4345-J05256,Bike,Petrol,Private
DL08-1622-H05257,Taxi,Diesel,Commercial
UP32-9484-G05258,Bike,Petrol,Private
DL08-3703-D05259,Bike,Petrol,Private
GJ01-6659-M05260,Bike,Petrol,Private
MH20-6433-A05261,Auto,Petrol,Commercial
GJ01-1603-N05262,Bike,Petrol,Private
GJ01-8717-C05263,Car,CNG,Private
GJ01-5040-E05264,Bike,Petrol,Private
MH12-4786-L05265,Bike,Petrol,Private
MH20-3501-D05266,Bike,Petrol,Private
UP32-5832-G05267,Bike,Petrol,Commercial
KA05-6518-K05268,Car,Petrol,Private
KA05-7795-M05269,Bike,Petrol,Private
MH14-8699-B05270,Bike,Petrol,Private
MH14-1257-E05271,Car,CNG,Commercial
GJ01-7161-H05272,Taxi,Diesel,Commercial
TN09-7398-Q05273,Taxi,Petrol,Commercial
MH20-3785-G05274,Auto,Petrol,Commercial
KA05-4503-C05275,Bike,Petrol,Private
MH14-1546-A05276,Auto,Petrol,Commercial
GJ01-1375-Q05277,Bike,Petrol,Commercial
KA05-5984-Q05278,Car,CNG,Private
DL08-8684-M05279,Bike,Petrol,Private
UP32-8057-B05280,Car,CNG,Private
DL08-9120-D05281,Car,Electric,Private
TN09-2760-A05282,Taxi,Petrol,Commercial
DL08-5454-P05283,Auto,Petrol,Commercial
KA05-5176-R05284,Bike,Petrol,Private
UP32-9996-B05285,Taxi,CNG,Commercial
TN09-3142-A05286,Auto,Diesel,Commercial
TN09-2439-G05287,Bike,Petrol,Private
UP32-8250-C05288,Car,Diesel,Commercial
DL08-8291-J05289,Bike,Petrol,Private
GJ01-9324-L05290,Car,Diesel,Private
TN09-1946-E05291,Bike,Petrol,Private
GJ01-5594-N05292,Bike,Petrol,Commercial
DL08-5885-H05293,Car,Petrol,Private
MH20-2836-F05294,Bike,Petrol,Private
DL08-9264-Q05295,Bike,Petrol,Private
TN09-6084-P05296,Car,Diesel,Private
KA05-1960-G05297,Car,Diesel,Private
GJ01-3007-C05298,Car,Petrol,Private
TN09-1725-H05299,Car,CNG,Private
TN09-6753-P05300,Bike,Petrol,Private
MH12-1694-K05301,Auto,Petrol,Commercial
DL08-4520-G05302,Bike,Petrol,Private
GJ01-1020-D05303,Bike,Petrol,Private
MH12-1424-F05304,Car,Diesel,Private
MH12-2735-A05305,Bike,Petrol,Commercial
UP32-2551-C05306,Bus,CNG,Commercial
GJ01-2484-K05307,Bike,Petrol,Private
GJ01-7122-B05308,Car,CNG,Private
DL08-7746-Q05309,Bike,Petrol,Private
MH14-8913-A05310,Auto,Diesel,Commercial
MH20-4342-F05311,Bike,Petrol,Commercial
TN09-1282-R05312,Bus,CNG,Commercial
GJ01-2371-E05313,Auto,Electric,Commercial
MH20-2216-G05314,Car,Petrol,Private
MH12-5344-B05315,Taxi,Diesel,Commercial
DL08-8831-C05316,Taxi,Electric,Commercial
TN09-9554-M05317,Bike,Petrol,Private
MH12-7367-N05318,Car,Petrol,Private
MH20-7791-E05319,Truck,Diesel,Commercial
MH12-7362-M05320,Bike,Electric,Private
MH14-3752-D05321,Bike,Petrol,Private
MH14-9880-C05322,Bus,CNG,Commercial
MH20-4768-H05323,Auto,Petrol,Commercial
TN09-9322-R05324,Car,Diesel,Commercial
MH20-4623-D05325,Car,CNG,Private
GJ01-9272-D05326,Bike,Petrol,Commercial
MH14-7628-B05327,Auto,Electric,Commercial
TN09-3675-C05328,Bike,Petrol,Private
GJ01-1096-D05329,Bus,Diesel,Commercial
MH14-1218-J05330,Car,Petrol,Private
MH12-9865-C05331,Bike,Petrol,Private
MH12-4868-J05332,Car,Petrol,Private
TN09-1488-N05333,Car,Petrol,Private
TN09-9216-B05334,Bus,Diesel,Commercial
UP32-5297-L05335,Car,Petrol,Private
TN09-1665-R05336,Car,Petrol,Private
KA05-3344-A05337,Car,Petrol,Private
UP32-8062-F05338,Taxi,Petrol,Commercial
KA05-8440-N05339,Car,CNG,Private
TN09-4198-B05340,Truck,Diesel,Commercial
KA05-9116-E05341,Taxi,Diesel,Commercial
MH14-8690-K05342,Bike,Petrol,Private
MH12-3207-N05343,Bike,Petrol,Private
MH14-2981-N05344,Taxi,Petrol,Commercial
GJ01-8133-A05345,Auto,CNG,Commercial
MH20-5424-N05346,Car,CNG,Private
GJ01-8915-B05347,Bike,Petrol,Private
UP32-9045-K05348,Car,Petrol,Private
UP32-3164-G05349,Bike,Petrol,Commercial
KA05-3937-G05350,Car,Petrol,Private
MH12-1011-L05351,Auto,CNG,Commercial
KA05-7397-C05352,Bike,Petrol,Private
MH12-6562-E05353,Taxi,Petrol,Commercial
DL08-6414-G05354,Bike,Petrol,Private
KA05-7086-P05355,Car,Petrol,Private
DL08-5721-E05356,Bus,Diesel,Commercial
MH14-1108-C05357,Car,CNG,Commercial
KA05-4706-D05358,Bike,Petrol,Private
MH14-5604-A05359,Auto,CNG,Commercial
UP32-9388-H05360,Bike,Petrol,Commercial
UP32-8892-E05361,Truck,Diesel,Commercial
MH20-2583-D05362,Car,Petrol,Private
DL08-9062-C05363,Car,Diesel,Private
GJ01-3467-K05364,Taxi,Petrol,Commercial
UP32-9508-P05365,Bike,Petrol,Private
UP32-8399-K05366,Bike,Petrol,Commercial
GJ01-4493-K05367,Truck,Diesel,Commercial
MH20-4201-R05368,Taxi,CNG,Commercial
KA05-5840-F05369,Car,Petrol,Private
MH14-8633-F05370,Car,Diesel,Private
KA05-6511-M05371,Taxi,Petrol,Commercial
MH20-9368-R05372,Auto,Petrol,Commercial
UP32-7499-R05373,Taxi,Petrol,Commercial
MH12-9720-E05374,Truck,Diesel,Commercial
KA05-6258-Q05375,Taxi,Petrol,Commercial
MH12-8743-L05376,Auto,Petrol,Commercial
DL08-7390-M05377,Auto,Diesel,Commercial
MH20-7490-E05378,Car,Petrol,Private
KA05-2346-J05379,Bike,Petrol,Private
MH14-1249-N05380,Car,Petrol,Commercial
GJ01-6011-M05381,Bike,Petrol,Private
DL08-2132-R05382,Taxi,Petrol,Commercial
TN09-4715-H05383,Car,CNG,Commercial
UP32-3697-P05384,Auto,CNG,Commercial
MH14-1412-B05385,Bike,Petrol,Private
KA05-5940-R05386,Car,Petrol,Private
GJ01-2127-C05387,Auto,CNG,Commercial
GJ01-1879-E05388,Bike,Petrol,Private
KA05-4561-Q05389,Car,Petrol,Commercial
UP32-5726-B05390,Bike,Electric,Private
MH20-4050-H05391,Car,CNG,Private
UP32-1225-K05392,Bike,Petrol,Private
DL08-7493-Q05393,Taxi,Petrol,Commercial
UP32-5191-A05394,Bike,Petrol,Private
TN09-7589-A05395,Bike,Petrol,Commercial
MH20-3655-E05396,Bike,Petrol,Commercial
MH20-2981-G05397,Auto,CNG,Commercial
MH20-8876-J05398,Bike,Petrol,Private
DL08-4374-G05399,Car,CNG,Commercial
TN09-8059-F05400,Auto,Diesel,Commercial
GJ01-7568-N05401,Car,Petrol,Private
DL08-2548-F05402,Bike,Petrol,Private
TN09-9536-J05403,Car,Diesel,Commercial
KA05-8094-M05404,Car,Petrol,Commercial
MH12-7370-H05405,Car,Diesel,Private
MH12-6028-H05406,Bike,Petrol,Private
MH14-2362-P05407,Taxi,CNG,Commercial
TN09-7099-J05408,Bike,Petrol,Private
DL08-2710-G05409,Bike,Petrol,Private
GJ01-6512-R05410,Truck,Diesel,Commercial
GJ01-9514-R05411,Bike,Petrol,Private
GJ01-2178-G05412,Car,CNG,Private
MH14-6669-H05413,Bike,Petrol,Commercial
KA05-3935-P05414,Car,CNG,Commercial
MH12-9028-N05415,Car,Petrol,Commercial
MH14-2343-H05416,Car,Diesel,Private
MH12-6043-K05417,Bike,Petrol,Private
UP32-3560-C05418,Taxi,Petrol,Commercial
MH12-2425-A05419,Bike,Electric,Private
GJ01-5097-Q05420,Bike,Petrol,Private
MH14-6613-R05421,Bus,Diesel,Commercial
MH12-7249-Q05422,Auto,Diesel,Commercial
UP32-4787-N05423,Bike,Petrol,Commercial
GJ01-2936-B05424,Bike,Petrol,Private
GJ01-6006-H05425,Bike,Petrol,Private
GJ01-8189-F05426,Bike,Electric,Commercial
UP32-2696-M05427,Bike,Petrol,Private
MH20-9010-Q05428,Bike,Petrol,Private
MH14-8643-R05429,Car,Petrol,Private
GJ01-1075-P05430,Auto,Diesel,Commercial
GJ01-2029-B05431,Bike,Electric,Private
UP32-4284-M05432,Auto,Diesel,Commercial
UP32-5806-G05433,Taxi,Electric,Commercial
GJ01-5486-J05434,Truck,CNG,Commercial
GJ01-4289-E05435,Car,Diesel,Private
TN09-7450-J05436,Bike,Petrol,Private
GJ01-7308-J05437,Bike,Petrol,Private
MH14-6715-M05438,Taxi,CNG,Commercial
DL08-5506-Q05439,Bus,CNG,Commercial
MH12-3125-J05440,Truck,Diesel,Commercial
UP32-9112-F05441,Bike,Petrol,Private
GJ01-6158-H05442,Auto,Diesel,Commercial
MH12-4883-Q05443,Car,CNG,Private
MH12-8897-A05444,Bike,Petrol,Private
TN09-7601-G05445,Car,Petrol,Private
GJ01-5963-B05446,Car,Diesel,Private
UP32-4627-Q05447,Auto,Petrol,Commercial
KA05-2431-M05448,Taxi,Petrol,Commercial
DL08-3894-J05449,Truck,CNG,Commercial
MH12-3312-P05450,Car,Petrol,Private
GJ01-4374-G05451,Bike,Electric,Commercial
GJ01-5365-N05452,Bike,Electric,Private
MH20-8957-G05453,Car,CNG,Private
MH14-6499-E05454,Bike,Petrol,Private
KA05-2143-B05455,Auto,CNG,Commercial
UP32-8146-B05456,Car,Diesel,Private
TN09-2883-N05457,Auto,Petrol,Commercial
UP32-8795-R05458,Bike,Petrol,Private
MH12-7997-C05459,Car,Petrol,Private
TN09-5416-R05460,Car,Diesel,Private
TN09-4005-P05461,Bike,Petrol,Private
GJ01-9648-R05462,Car,Petrol,Private
MH14-9876-D05463,Car,Electric,Private
GJ01-2554-G05464,Car,Diesel,Private
KA05-6962-K05465,Bike,Electric,Private
DL08-5070-R05466,Auto,Petrol,Commercial
MH12-6479-A05467,Bike,Petrol,Private
GJ01-6953-D05468,Car,CNG,Private
UP32-1586-Q05469,Car,Diesel,Private
KA05-8231-J05470,Auto,Diesel,Commercial
MH12-4735-J05471,Car,Diesel,Private
GJ01-6383-K05472,Bike,Petrol,Private
KA05-3118-R05473,Car,Petrol,Private
MH14-8400-H05474,Car,CNG,Private
KA05-5025-C05475,Bus,Diesel,Commercial
TN09-9234-J05476,Auto,Electric,Commercial
MH12-6168-G05477,Taxi,Petrol,Commercial
MH12-8555-M05478,Taxi,Petrol,Commercial
TN09-3531-P05479,Bus,Diesel,Commercial
MH14-6924-F05480,Auto,Petrol,Commercial
MH12-3135-N05481,Truck,Diesel,Commercial
MH20-5028-M05482,Car,CNG,Private
MH12-5011-A05483,Car,Petrol,Private
TN09-5508-B05484,Car,CNG,Private
MH20-1421-D05485,Car,Petrol,Commercial
DL08-2530-L05486,Bike,Petrol,Private
MH20-1638-N05487,Car,Electric,Private
KA05-9656-D05488,Truck,Diesel,Commercial
DL08-1916-M05489,Car,Petrol,Private
TN09-8265-R05490,Bike,Petrol,Commercial
MH20-5438-L05491,Bike,Petrol,Private
MH14-7139-C05492,Bike,Petrol,Private
DL08-9441-E05493,Truck,Diesel,Commercial
MH20-6816-D05494,Car,Diesel,Private
UP32-7861-C05495,Bike,Petrol,Private
MH12-9409-D05496,Car,Diesel,Private
TN09-5969-J05497,Truck,Diesel,Commercial
MH14-6547-A05498,Bike,Petrol,Private
KA05-2886-L05499,Bike,Petrol,Private
KA05-5720-P05500,Car,CNG,Private
MH12-8268-P05501,Truck,Diesel,Commercial
TN09-4446-M05502,Bike,Electric,Private
MH12-9319-E05503,Car,Diesel,Private
KA05-8324-Q05504,Auto,Diesel,Commercial
KA05-7096-F05505,Taxi,Petrol,Commercial
MH14-3067-G05506,Truck,Diesel,Commercial
KA05-5068-R05507,Car,Diesel,Private
MH12-5669-L05508,Car,CNG,Private
KA05-7816-Q05509,Car,CNG,Commercial
MH14-8149-P05510,Bus,Diesel,Commercial
TN09-7910-R05511,Auto,Petrol,Commercial
DL08-6628-A05512,Car,Electric,Private
KA05-1341-N05513,Bike,Petrol,Private
MH20-9041-E05514,Truck,Diesel,Commercial
DL08-2028-K05515,Bike,Petrol,Commercial
DL08-5526-D05516,Auto,Diesel,Commercial
MH12-1915-L05517,Taxi,Petrol,Commercial
DL08-5747-M05518,Bike,Petrol,Commercial
TN09-8129-F05519,Truck,CNG,Commercial
DL08-4334-M05520,Bike,Petrol,Commercial
GJ01-7795-B05521,Bike,Petrol,Private
MH12-5940-C05522,Bike,Petrol,Private
KA05-4291-C05523,Auto,Diesel,Commercial
TN09-8725-L05524,Bike,Petrol,Private
UP32-4793-H05525,Auto,Petrol,Commercial
MH12-4974-C05526,Bike,Petrol,Private
TN09-1400-C05527,Bike,Petrol,Private
DL08-2282-C05528,Auto,Petrol,Commercial
MH20-1716-F05529,Bus,Diesel,Commercial
DL08-4888-G05530,Car,Electric,Private
MH12-4030-A05531,Bike,Petrol,Commercial
UP32-9499-F05532,Bike,Electric,Commercial
DL08-9654-K05533,Car,Petrol,Commercial
GJ01-8418-P05534,Bike,Petrol,Private
MH20-1129-H05535,Car,Petrol,Private
MH20-7631-P05536,Car,Petrol,Private
GJ01-6029-J05537,Auto,CNG,Commercial
DL08-3727-R05538,Car,Diesel,Private
TN09-9491-C05539,Car,Diesel,Private
KA05-5466-F05540,Bike,Petrol,Private
KA05-5214-N05541,Auto,CNG,Commercial
TN09-5084-C05542,Car,CNG,Private
KA05-3362-G05543,Bike,Petrol,Private
GJ01-1182-N05544,Car,Petrol,Commercial
GJ01-9509-C05545,Bike,Electric,Private
MH20-3279-E05546,Taxi,Petrol,Commercial
MH20-5362-N05547,Auto,Diesel,Commercial
MH12-4711-Q05548,Car,Petrol,Private
KA05-1872-N05549,Bike,Petrol,Private
UP32-5928-L05550,Bike,Petrol,Private
TN09-6371-N05551,Taxi,Diesel,Commercial
TN09-8362-N05552,Truck,Diesel,Commercial
TN09-8542-N05553,Auto,Diesel,Commercial
TN09-6526-C05554,Car,CNG,Private
UP32-7952-J05555,Bike,Petrol,Commercial
GJ01-4673-F05556,Car,Diesel,Private
GJ01-6818-G05557,Car,CNG,Private
MH12-5781-E05558,Car,Petrol,Private
KA05-8469-D05559,Bike,Electric,Private
MH14-2518-M05560,Car,Diesel,Private
GJ01-7128-D05561,Bus,Diesel,Commercial
TN09-1813-C05562,Car,Diesel,Commercial
MH20-9203-R05563,Truck,CNG,Commercial
DL08-4050-R05564,Bike,Petrol,Private
KA05-3111-G05565,Car,Petrol,Private
MH14-9045-B05566,Bike,Petrol,Private
KA05-6727-Q05567,Bike,Electric,Private
KA05-7658-M05568,Bus,Diesel,Commercial
MH20-8750-A05569,Car,CNG,Private
MH14-2852-K05570,Bike,Petrol,Commercial
DL08-1733-K05571,Bike,Electric,Private
TN09-3023-H05572,Bike,Petrol,Private
MH20-3292-D05573,Bike,Petrol,Private
DL08-8535-D05574,Car,Petrol,Private
MH20-1716-K05575,Taxi,Petrol,Commercial
UP32-5620-H05576,Bike,Petrol,Private
TN09-7523-B05577,Bike,Petrol,Private
GJ01-6829-L05578,Car,Diesel,Private
UP32-6338-L05579,Car,Petrol,Private
MH12-4964-N05580,Taxi,Diesel,Commercial
MH12-3358-Q05581,Bike,Petrol,Private
TN09-8153-R05582,Car,Petrol,Private
MH14-2163-F05583,Car,Petrol,Private
UP32-4319-F05584,Bus,CNG,Commercial
DL08-4762-H05585,Bike,Petrol,Commercial
KA05-6237-C05586,Car,CNG,Private
MH12-8247-K05587,Bike,Petrol,Commercial
DL08-1525-E05588,Auto,Petrol,Commercial
KA05-7754-L05589,Bike,Petrol,Private
MH12-3337-B05590,Auto,Petrol,Commercial
MH14-6291-K05591,Truck,Diesel,Commercial
TN09-2614-B05592,Car,Diesel,Private
TN09-5060-H05593,Bike,Electric,Private
TN09-8896-M05594,Car,Diesel,Private
MH12-1047-K05595,Auto,Petrol,Commercial
KA05-4822-Q05596,Auto,Electric,Commercial
MH20-2571-Q05597,Car,Petrol,Commercial
MH12-2823-F05598,Car,Petrol,Private
DL08-4476-R05599,Bike,Petrol,Private
TN09-7237-D05600,Bus,Diesel,Commercial
TN09-1603-M05601,Bike,Petrol,Private
DL08-1500-C05602,Auto,Electric,Commercial
TN09-2375-N05603,Auto,Diesel,Commercial
DL08-2206-R05604,Bike,Petrol,Commercial
UP32-1457-J05605,Bike,Petrol,Private
KA05-6815-E05606,Bike,Electric,Private
TN09-8652-A05607,Car,Diesel,Commercial
TN09-1109-J05608,Taxi,Petrol,Commercial
UP32-9814-L05609,Truck,Diesel,Commercial
MH20-8375-D05610,Bike,Petrol,Private
MH20-7275-C05611,Bike,Petrol,Private
MH12-2925-A05612,Truck,CNG,Commercial
DL08-8143-A05613,Truck,Diesel,Commercial
KA05-1057-C05614,Car,Diesel,Private
MH20-9185-N05615,Truck,Diesel,Commercial
TN09-9583-Q05616,Bike,Petrol,Private
MH12-2386-J05617,Bike,Petrol,Private
MH20-2647-D05618,Auto,Diesel,Commercial
GJ01-6012-P05619,Bike,Petrol,Private
TN09-6931-N05620,Car,Diesel,Private
MH20-3446-B05621,Car,Petrol,Private
DL08-7035-N05622,Bus,Diesel,Commercial
UP32-5625-F05623,Taxi,Petrol,Commercial
TN09-2734-P05624,Car,Diesel,Private
GJ01-8747-G05625,Bus,Diesel,Commercial
MH20-2851-R05626,Car,CNG,Private
KA05-9177-Q05627,Bike,Petrol,Private
TN09-6028-G05628,Taxi,Diesel,Commercial
UP32-3034-F05629,Bike,Petrol,Private
DL08-2008-N05630,Bus,CNG,Commercial
MH14-3436-N05631,Bike,Petrol,Private
GJ01-4099-G05632,Car,Petrol,Private
MH14-5019-R05633,Car,Diesel,Private
MH20-9447-R05634,Bike,Petrol,Private
MH20-7939-F05635,Bus,Diesel,Commercial
KA05-9992-R05636,Bike,Petrol,Private
MH20-7606-G05637,Car,Petrol,Private
MH20-3089-E05638,Bike,Petrol,Private
GJ01-6499-A05639,Bike,Petrol,Private
UP32-7119-B05640,Car,Petrol,Commercial
UP32-8905-C05641,Auto,Diesel,Commercial
MH20-5935-G05642,Car,Petrol,Private
MH14-2125-L05643,Bike,Petrol,Private
UP32-3587-B05644,Bike,Petrol,Private
DL08-7234-M05645,Auto,Diesel,Commercial
GJ01-4054-J05646,Bike,Petrol,Private
GJ01-8546-A05647,Bike,Petrol,Private
GJ01-5460-H05648,Car,CNG,Private
KA05-2739-B05649,Truck,Diesel,Commercial
KA05-3390-R05650,Car,CNG,Private
DL08-6714-J05651,Car,CNG,Private
MH12-2749-C05652,Taxi,Diesel,Commercial
GJ01-2861-G05653,Truck,CNG,Commercial
DL08-7057-Q05654,Auto,Electric,Commercial
KA05-9237-C05655,Car,Petrol,Private
DL08-5908-Q05656,Bike,Petrol,Private
GJ01-5690-F05657,Car,Petrol,Private
TN09-5650-P05658,Taxi,Electric,Commercial
MH20-3022-H05659,Car,Petrol,Private
MH20-3360-H05660,Bike,Petrol,Private
MH14-8287-H05661,Bus,Diesel,Commercial
GJ01-7275-B05662,Car,Electric,Private
KA05-8737-B05663,Taxi,CNG,Commercial
MH12-5093-C05664,Car,Petrol,Private
MH14-7409-G05665,Auto,Petrol,Commercial
MH14-3905-A05666,Car,Electric,Private
UP32-6537-N05667,Bike,Petrol,Private
TN09-8145-J05668,Truck,Diesel,Commercial
TN09-5420-D05669,Car,Petrol,Private
TN09-1202-E05670,Bike,Petrol,Commercial
MH14-6386-P05671,Bike,Petrol,Commercial
UP32-2620-M05672,Bike,Petrol,Private
TN09-3911-K05673,Bike,Petrol,Private
MH14-2681-K05674,Bus,Diesel,Commercial
KA05-9253-D05675,Bike,Petrol,Private
DL08-9408-M05676,Auto,Diesel,Commercial
DL08-2982-K05677,Bike,Electric,Private
MH14-3658-A05678,Car,Petrol,Private
MH12-9291-K05679,Car,CNG,Private
GJ01-7606-M05680,Taxi,Diesel,Commercial
MH20-8591-F05681,Bike,Electric,Private
GJ01-8488-L05682,Car,Electric,Commercial
KA05-5474-D05683,Truck,CNG,Commercial
DL08-3449-D05684,Taxi,Diesel,Commercial
MH14-2611-G05685,Car,Petrol,Private
MH14-6886-N05686,Car,CNG,Private
DL08-5748-F05687,Car,Diesel,Commercial
MH20-3417-J05688,Taxi,Petrol,Commercial
UP32-2338-H05689,Taxi,Electric,Commercial
MH20-6130-H05690,Car,Electric,Commercial
MH20-4960-P05691,Truck,Diesel,Commercial
UP32-8767-N05692,Car,Petrol,Private
DL08-9769-R05693,Bike,Petrol,Commercial
GJ01-8696-K05694,Bike,Petrol,Private
UP32-8975-E05695,Truck,Diesel,Commercial
TN09-3924-K05696,Bike,Petrol,Private
DL08-1586-M05697,Car,CNG,Private
UP32-3369-K05698,Auto,CNG,Commercial
MH20-6646-J05699,Bus,Diesel,Commercial
MH14-8157-G05700,Bike,Petrol,Private
DL08-6227-F05701,Bus,Diesel,Commercial
MH20-9376-G05702,Bike,Electric,Private
MH20-8527-P05703,Taxi,Diesel,Commercial
MH12-5492-F05704,Bike,Petrol,Private
UP32-4784-C05705,Truck,Diesel,Commercial
DL08-2159-C05706,Bike,Petrol,Private
MH14-4132-L05707,Bike,Petrol,Private
TN09-1112-R05708,Auto,Electric,Commercial
MH12-9120-R05709,Taxi,Petrol,Commercial
KA05-5629-N05710,Auto,Petrol,Commercial
GJ01-9266-P05711,Bike,Petrol,Private
DL08-9959-A05712,Auto,CNG,Commercial
TN09-2195-J05713,Truck,Diesel,Commercial
KA05-3806-F05714,Auto,Electric,Commercial
TN09-2651-G05715,Bike,Petrol,Private
TN09-2102-M05716,Auto,Petrol,Commercial
DL08-6806-D05717,Bike,Electric,Private
MH12-7729-R05718,Truck,Diesel,Commercial
DL08-8026-H05719,Car,Petrol,Private
TN09-1498-J05720,Bike,Petrol,Private
MH20-3304-H05721,Truck,Diesel,Commercial
UP32-9230-Q05722,Bike,Electric,Commercial
DL08-3826-G05723,Taxi,Diesel,Commercial
MH20-9453-C05724,Bike,Petrol,Commercial
DL08-6788-K05725,Truck,Diesel,Commercial
TN09-3277-D05726,Auto,Petrol,Commercial
TN09-7932-H05727,Car,CNG,Private
MH14-2436-K05728,Bus,Diesel,Commercial
DL08-2722-A05729,Taxi,Electric,Commercial
MH20-4944-B05730,Bike,Petrol,Private
KA05-1431-A05731,Car,Petrol,Commercial
MH12-4988-P05732,Car,Petrol,Commercial
MH12-1729-E05733,Auto,Petrol,Commercial
MH14-5142-A05734,Car,Diesel,Private
KA05-7924-C05735,Car,Petrol,Private
DL08-4010-C05736,Bike,Petrol,Private
MH12-4434-E05737,Bike,Electric,Private
UP32-5191-G05738,Bike,Petrol,Private
MH12-7739-M05739,Car,Petrol,Private
GJ01-1031-C05740,Car,Petrol,Private
DL08-6508-M05741,Car,Petrol,Private
MH20-1775-R05742,Bike,Petrol,Commercial
MH20-4801-M05743,Auto,Petrol,Commercial
UP32-3137-C05744,Truck,Diesel,Commercial
MH14-9564-R05745,Auto,CNG,Commercial
UP32-9046-P05746,Truck,Diesel,Commercial
TN09-2041-G05747,Bike,Petrol,Private
DL08-9798-C05748,Car,Diesel,Private
MH20-1683-J05749,Bike,Petrol,Private
MH14-5143-L05750,Car,Petrol,Private
MH14-8475-H05751,Taxi,Petrol,Commercial
MH12-9169-N05752,Bike,Petrol,Private
MH14-6698-R05753,Car,CNG,Private
MH14-9836-L05754,Bike,Petrol,Private
TN09-5569-K05755,Car,Diesel,Private
UP32-2329-L05756,Bike,Petrol,Commercial
TN09-7889-Q05757,Car,Petrol,Commercial
MH14-6818-G05758,Auto,Diesel,Commercial
MH20-1903-M05759,Bike,Petrol,Private
DL08-6236-J05760,Auto,Petrol,Commercial
MH12-8375-P05761,Auto,Diesel,Commercial
MH20-3218-D05762,Auto,CNG,Commercial
MH12-8463-E05763,Car,Diesel,Private
KA05-9101-C05764,Car,Electric,Private
MH14-8267-M05765,Car,Diesel,Private
KA05-2552-A05766,Car,Electric,Commercial
GJ01-8921-C05767,Bike,Petrol,Private
GJ01-3065-K05768,Car,Petrol,Commercial
KA05-9988-P05769,Bike,Petrol,Private
MH14-9226-Q05770,Car,Diesel,Private
TN09-8589-B05771,Car,Diesel,Private
MH12-8595-H05772,Car,Petrol,Private
UP32-5200-B05773,Bike,Petrol,Private
DL08-9411-D05774,Car,CNG,Private
MH20-5278-N05775,Bike,Petrol,Private
KA05-9640-D05776,Bike,Petrol,Commercial
MH14-9382-P05777,Car,CNG,Private
MH14-5330-M05778,Car,Diesel,Private
MH14-3720-Q05779,Car,Petrol,Private
MH12-1353-H05780,Bus,Diesel,Commercial
UP32-5436-G05781,Truck,Diesel,Commercial
GJ01-8684-K05782,Car,Petrol,Private
TN09-4440-N05783,Taxi,Petrol,Commercial
MH20-4366-D05784,Car,Petrol,Private
MH14-2860-A05785,Car,Diesel,Private
MH14-5060-N05786,Car,Diesel,Private
TN09-3106-F05787,Auto,Petrol,Commercial
KA05-3686-P05788,Auto,CNG,Commercial
DL08-6988-G05789,Bike,Petrol,Private
GJ01-2964-D05790,Car,CNG,Private
KA05-5425-E05791,Auto,Petrol,Commercial
KA05-6397-L05792,Auto,Petrol,Commercial
TN09-9770-E05793,Auto,Petrol,Commercial
TN09-1983-D05794,Car,Petrol,Private
KA05-1514-F05795,Bus,Diesel,Commercial
TN09-7069-H05796,Car,CNG,Private
TN09-3808-A05797,Auto,Petrol,Commercial
UP32-6179-B05798,Taxi,CNG,Commercial
MH14-8390-G05799,Auto,Petrol,Commercial
KA05-3154-M05800,Auto,Petrol,Commercial
UP32-9066-R05801,Auto,Diesel,Commercial
KA05-7398-J05802,Car,CNG,Private
KA05-1866-B05803,Car,Petrol,Private
MH20-7392-K05804,Bike,Petrol,Private
UP32-6966-M05805,Auto,CNG,Commercial
DL08-6761-K05806,Bike,Petrol,Private
MH20-2987-A05807,Bike,Electric,Private
TN09-5149-M05808,Bike,Petrol,Private
GJ01-1990-H05809,Car,Petrol,Private
MH12-8214-E05810,Car,Petrol,Private
MH14-8813-K05811,Auto,Petrol,Commercial
MH12-4565-E05812,Auto,Petrol,Commercial
DL08-5868-H05813,Bike,Petrol,Private
KA05-5381-E05814,Taxi,Diesel,Commercial
MH20-4977-P05815,Bike,Petrol,Commercial
KA05-7785-J05816,Bike,Petrol,Private
TN09-6800-Q05817,Bike,Petrol,Commercial
DL08-2789-R05818,Car,CNG,Private
MH20-8199-D05819,Auto,Diesel,Commercial
MH20-5585-A05820,Car,Petrol,Private
MH20-8795-N05821,Car,Petrol,Private
MH12-5534-B05822,Bus,Diesel,Commercial
TN09-7006-D05823,Taxi,Petrol,Commercial
DL08-9268-C05824,Bike,Electric,Commercial
MH20-3150-F05825,Bike,Petrol,Private
TN09-6841-F05826,Car,CNG,Commercial
MH20-8247-P05827,Taxi,Diesel,Commercial
MH20-4379-G05828,Auto,Petrol,Commercial
DL08-8484-G05829,Car,CNG,Private
DL08-7852-F05830,Bike,Petrol,Commercial
MH12-3260-N05831,Car,Petrol,Private
KA05-4173-J05832,Car,Electric,Private
GJ01-6624-G05833,Bike,Electric,Private
UP32-5073-D05834,Truck,CNG,Commercial
MH12-4187-C05835,Bike,Petrol,Private
TN09-1847-R05836,Auto,Diesel,Commercial
UP32-8361-H05837,Bus,Diesel,Commercial
UP32-4158-J05838,Car,Electric,Private
MH12-3619-Q05839,Bike,Petrol,Commercial
MH12-9609-E05840,Bike,Petrol,Private
MH12-8734-E05841,Car,Petrol,Private
MH14-3566-D05842,Bike,Petrol,Private
TN09-3948-H05843,Taxi,Diesel,Commercial
TN09-7775-B05844,Bike,Petrol,Private
UP32-6747-D05845,Bus,Diesel,Commercial
MH12-4239-F05846,Bike,Petrol,Private
MH12-8109-A05847,Bike,Electric,Private
TN09-1193-F05848,Car,Electric,Private
DL08-1393-B05849,Car,Petrol,Private
TN09-9448-R05850,Bike,Petrol,Private
MH12-6550-D05851,Car,Petrol,Private
UP32-3883-H05852,Bike,Petrol,Private
MH20-8296-F05853,Auto,Diesel,Commercial
MH14-9850-D05854,Taxi,Petrol,Commercial
MH12-6053-H05855,Auto,Diesel,Commercial
TN09-1753-J05856,Car,Electric,Private
GJ01-5272-G05857,Bike,Electric,Private
KA05-2746-P05858,Car,CNG,Commercial
GJ01-8358-J05859,Auto,Electric,Commercial
GJ01-9368-M05860,Bike,Petrol,Private
MH14-1894-N05861,Bike,Petrol,Commercial
MH20-8025-K05862,Bike,Electric,Private
UP32-9814-L05863,Bike,Petrol,Private
MH20-5566-G05864,Car,CNG,Private
TN09-9544-E05865,Auto,Electric,Commercial
DL08-8185-A05866,Car,Petrol,Private
DL08-7373-M05867,Car,Petrol,Private
GJ01-3923-P05868,Bike,Electric,Commercial
MH12-4613-F05869,Car,Diesel,Private
UP32-2930-E05870,Bike,Petrol,Commercial
MH14-3528-H05871,Taxi,Petrol,Commercial
TN09-8501-M05872,Bike,Petrol,Private
KA05-3975-L05873,Car,CNG,Private
MH12-6466-R05874,Car,CNG,Private
MH12-4367-A05875,Bike,Petrol,Commercial
DL08-7646-L05876,Car,Diesel,Private
GJ01-9783-J05877,Bike,Petrol,Private
UP32-8228-A05878,Taxi,CNG,Commercial
GJ01-1720-A05879,Bus,Diesel,Commercial
MH14-5554-H05880,Taxi,Petrol,Commercial
MH12-5551-C05881,Bike,Petrol,Private
KA05-4227-N05882,Taxi,Diesel,Commercial
GJ01-4905-Q05883,Car,Petrol,Commercial
UP32-9024-K05884,Truck,CNG,Commercial
KA05-7138-P05885,Auto,Petrol,Commercial
KA05-9834-R05886,Bike,Petrol,Private
TN09-4831-C05887,Bike,Petrol,Private
UP32-3836-P05888,Bike,Petrol,Private
MH14-3638-E05889,Bike,Petrol,Private
MH20-3009-L05890,Truck,Diesel,Commercial
UP32-3013-G05891,Car,CNG,Private
KA05-5474-J05892,Auto,Electric,Commercial
UP32-8913-C05893,Bike,Petrol,Private
UP32-7223-N05894,Car,Petrol,Private
DL08-2384-D05895,Bike,Petrol,Private
UP32-7564-R05896,Car,Electric,Private
GJ01-7102-R05897,Taxi,CNG,Commercial
KA05-8875-N05898,Bike,Petrol,Private
TN09-3288-P05899,Car,Petrol,Commercial
MH14-9044-M05900,Taxi,Petrol,Commercial
UP32-9670-E05901,Bike,Petrol,Private
UP32-6907-K05902,Taxi,CNG,Commercial
MH12-8063-C05903,Car,Diesel,Private
GJ01-3788-Q05904,Auto,CNG,Commercial
GJ01-5515-B05905,Car,Petrol,Private
GJ01-8074-G05906,Car,Diesel,Private
MH14-5209-H05907,Bus,Diesel,Commercial
DL08-4916-H05908,Car,CNG,Commercial
MH14-9328-J05909,Car,Diesel,Private
TN09-6621-R05910,Car,Petrol,Private
MH20-7433-D05911,Car,Petrol,Private
UP32-5144-M05912,Bike,Petrol,Commercial
MH14-8423-G05913,Car,Diesel,Private
DL08-6376-M05914,Taxi,Electric,Commercial
GJ01-5054-G05915,Taxi,CNG,Commercial
TN09-9801-P05916,Bike,Petrol,Private
MH20-6357-N05917,Bike,Electric,Private
MH14-8080-E05918,Bike,Petrol,Private
UP32-7896-F05919,Bike,Petrol,Private
KA05-3250-P05920,Truck,Diesel,Commercial
MH14-8950-Q05921,Bike,Petrol,Private
MH12-2482-A05922,Auto,Petrol,Commercial
UP32-2262-B05923,Taxi,Diesel,Commercial
TN09-3084-A05924,Taxi,Petrol,Commercial
UP32-3602-D05925,Taxi,Electric,Commercial
TN09-2232-B05926,Car,Diesel,Commercial
GJ01-3810-K05927,Auto,CNG,Commercial
GJ01-3996-E05928,Auto,Petrol,Commercial
GJ01-7685-G05929,Bike,Petrol,Private
TN09-1597-E05930,Car,Petrol,Private
TN09-4941-C05931,Bike,Electric,Private
UP32-6142-L05932,Car,Electric,Private
KA05-2073-J05933,Bike,Electric,Private
KA05-4106-M05934,Truck,Diesel,Commercial
MH12-4479-H05935,Car,Electric,Private
UP32-1400-E05936,Truck,Diesel,Commercial
DL08-2409-A05937,Car,Electric,Private
MH20-4860-L05938,Bike,Petrol,Private
UP32-8777-H05939,Taxi,Diesel,Commercial
KA05-8222-N05940,Bike,Petrol,Private
DL08-6530-L05941,Bike,Petrol,Commercial
MH14-3944-N05942,Car,Petrol,Private
DL08-4557-E05943,Truck,Diesel,Commercial
MH12-3274-C05944,Car,Petrol,Commercial
KA05-4646-H05945,Car,Diesel,Private
TN09-9261-F05946,Bike,Electric,Private
DL08-2144-E05947,Bike,Petrol,Private
UP32-2833-D05948,Car,Petrol,Private
TN09-6161-Q05949,Bike,Petrol,Private
MH20-2380-C05950,Car,Petrol,Private
MH12-7415-L05951,Taxi,Diesel,Commercial
KA05-5119-G05952,Car,Petrol,Commercial
KA05-5112-G05953,Bike,Petrol,Private
GJ01-2522-J05954,Bike,Petrol,Private
MH12-1923-Q05955,Taxi,Diesel,Commercial
UP32-7520-H05956,Car,Petrol,Private
UP32-9935-L05957,Car,Diesel,Private
DL08-4086-M05958,Bike,Petrol,Private
MH12-7930-G05959,Bike,Petrol,Private
GJ01-8796-Q05960,Bike,Electric,Private
GJ01-2975-R05961,Bike,Petrol,Private
MH12-4953-K05962,Taxi,Petrol,Commercial
DL08-4608-F05963,Bike,Petrol,Private
GJ01-9656-K05964,Bike,Electric,Private
GJ01-4288-L05965,Car,Petrol,Private
MH14-9432-M05966,Car,Petrol,Private
GJ01-7334-M05967,Taxi,CNG,Commercial
GJ01-6360-P05968,Bike,Petrol,Private
DL08-4586-Q05969,Bike,Petrol,Private
GJ01-5457-J05970,Bike,Petrol,Private
MH20-3095-L05971,Bike,Petrol,Private
TN09-4243-Q05972,Bike,Petrol,Private
MH12-5473-C05973,Bike,Petrol,Commercial
MH12-4029-R05974,Car,Petrol,Private
MH20-3931-E05975,Auto,Petrol,Commercial
DL08-6926-E05976,Bike,Petrol,Commercial
MH20-3722-M05977,Car,Petrol,Private
KA05-7457-E05978,Auto,Diesel,Commercial
GJ01-6380-G05979,Car,Diesel,Commercial
DL08-5817-R05980,Bike,Petrol,Private
UP32-9286-E05981,Car,Petrol,Private
GJ01-6056-H05982,Taxi,Petrol,Commercial
MH12-6067-G05983,Auto,Diesel,Commercial
TN09-1268-L05984,Bike,Petrol,Private
GJ01-3706-R05985,Auto,CNG,Commercial
MH20-4452-E05986,Bike,Petrol,Private
DL08-5983-P05987,Car,Electric,Private
MH20-8759-B05988,Bike,Petrol,Private
DL08-5150-J05989,Car,CNG,Commercial
MH14-1753-M05990,Bike,Petrol,Commercial
GJ01-2424-B05991,Bike,Electric,Commercial
GJ01-9518-R05992,Bike,Electric,Private
KA05-5174-A05993,Car,CNG,Private
TN09-2366-P05994,Auto,Diesel,Commercial
MH14-4760-K05995,Car,Petrol,Commercial
DL08-4855-D05996,Taxi,Diesel,Commercial
MH14-7472-G05997,Bike,Petrol,Private
MH20-4333-R05998,Car,Electric,Private
MH12-2491-F05999,Auto,Petrol,Commercial
MH14-7316-G06000,Auto,Petrol,Commercial
